{"stats":{"minecraft:crafted":{"minecraft:elytra":1,"minecraft:redstone":9,"minecraft:bone_meal":3,"minecraft:firework_rocket":120},"minecraft:used":{"minecraft:peony":5,"minecraft:moss_block":7,"minecraft:music_disc_far":1,"minecraft:writable_book":1,"minecraft:smooth_quartz_slab":67,"minecraft:spruce_slab":14,"minecraft:poppy":4,"minecraft:oak_sign":19,"minecraft:axolotl_spawn_egg":21,"minecraft:chest":2,"minecraft:stone":174,"minecraft:grass":10,"minecraft:waxed_weathered_cut_copper_stairs":21,"minecraft:music_disc_11":1,"minecraft:music_disc_13":2,"minecraft:axolotl_bucket":1,"minecraft:azure_bluet":4,"minecraft:milk_bucket":1,"minecraft:glass":345,"minecraft:packed_ice":1,"minecraft:bricks":1593,"minecraft:music_disc_pigstep":9,"minecraft:red_wool":78,"minecraft:grass_block":215,"minecraft:blue_orchid":3,"minecraft:green_wool":2,"minecraft:music_disc_chirp":2,"minecraft:dark_oak_slab":13,"minecraft:mossy_cobblestone_slab":17,"minecraft:waxed_weathered_cut_copper":167,"minecraft:stone_bricks":597,"minecraft:item_frame":47,"minecraft:bedrock":1,"minecraft:reinforced_deepslate":8,"minecraft:repeater":2,"minecraft:redstone_lamp":6,"minecraft:honeycomb_block":1,"minecraft:brown_carpet":11,"minecraft:hay_block":3,"minecraft:written_book":6,"minecraft:oak_sapling":11,"minecraft:gold_block":2,"minecraft:dark_oak_stairs":18,"minecraft:mossy_stone_bricks":5,"minecraft:spruce_door":20,"minecraft:gray_carpet":217,"minecraft:dark_oak_sign":5,"minecraft:oak_planks":213,"minecraft:sandstone":3,"minecraft:redstone_block":11,"minecraft:parrot_spawn_egg":61,"minecraft:clay":1,"minecraft:smooth_quartz_stairs":2,"minecraft:white_wool":56,"minecraft:waxed_weathered_cut_copper_slab":10,"minecraft:black_banner":15,"minecraft:blast_furnace":5,"minecraft:yellow_concrete":6,"minecraft:note_block":21,"minecraft:gray_concrete":1311,"minecraft:deepslate_brick_stairs":20,"minecraft:lightning_rod":8,"minecraft:redstone_torch":7,"minecraft:lever":3,"minecraft:black_concrete":70,"minecraft:firework_rocket":691,"minecraft:light_gray_concrete":482,"minecraft:music_disc_mall":1,"minecraft:barrier":36,"minecraft:string":20,"minecraft:warped_slab":25,"minecraft:stone_button":5,"minecraft:iron_door":34,"minecraft:gravel":27,"minecraft:lilac":2,"minecraft:blackstone_slab":2,"minecraft:dark_oak_fence":22,"minecraft:andesite":39,"minecraft:chain":21,"minecraft:white_concrete":2246,"minecraft:coarse_dirt":22,"minecraft:bone_meal":178,"minecraft:cobweb":18,"minecraft:azalea":2,"minecraft:oak_fence":22,"minecraft:netherite_sword":78,"minecraft:jungle_leaves":4,"minecraft:rose_bush":5,"minecraft:iron_bars":50,"minecraft:flint_and_steel":7,"minecraft:armor_stand":1,"minecraft:redstone":7,"minecraft:spruce_planks":201,"minecraft:wither_skeleton_spawn_egg":2,"minecraft:netherrack":3,"minecraft:oak_door":20,"minecraft:dirt":9,"minecraft:spyglass":2,"minecraft:anvil":3,"minecraft:hopper":12,"minecraft:spruce_stairs":11,"minecraft:warped_door":4,"minecraft:warped_pressure_plate":6,"minecraft:polished_diorite":10,"minecraft:fern":12,"minecraft:birch_door":4,"minecraft:shroomlight":1,"minecraft:music_disc_mellohi":5,"minecraft:flowering_azalea":1,"minecraft:red_tulip":3,"minecraft:bookshelf":7,"minecraft:iron_block":36,"minecraft:oak_stairs":10,"minecraft:slime_block":3,"minecraft:smooth_sandstone":1138,"minecraft:smooth_quartz":245,"minecraft:mud_bricks":2,"minecraft:tripwire_hook":27,"minecraft:glowstone":6,"minecraft:golden_carrot":29,"minecraft:warped_stairs":2,"minecraft:emerald_block":1,"minecraft:iron_trapdoor":8,"minecraft:trapped_chest":10,"minecraft:stone_pressure_plate":12,"minecraft:cobbled_deepslate":3,"minecraft:pumpkin":1,"minecraft:calcite":2,"minecraft:quartz_bricks":256,"minecraft:water_bucket":27,"minecraft:dirt_path":1,"minecraft:lodestone":4,"minecraft:birch_planks":329,"minecraft:glass_bottle":4,"minecraft:mud_brick_slab":3,"minecraft:cauldron":19,"minecraft:glow_ink_sac":5,"minecraft:polished_deepslate_slab":91,"minecraft:comparator":3,"minecraft:music_disc_cat":4,"minecraft:oak_slab":14,"minecraft:crafting_table":1,"minecraft:painting":29,"minecraft:cake":5,"minecraft:warped_planks":3,"minecraft:dark_oak_door":4,"minecraft:piston":2,"minecraft:netherite_block":32,"minecraft:oxeye_daisy":5,"minecraft:light":108,"minecraft:black_wool":117,"minecraft:command_block":5,"minecraft:netherite_axe":1,"minecraft:map":13,"minecraft:spruce_pressure_plate":4,"minecraft:stone_slab":82,"minecraft:spruce_trapdoor":36,"minecraft:music_disc_blocks":1,"minecraft:crimson_sign":6,"minecraft:green_carpet":18,"minecraft:potion":1,"minecraft:cobbled_deepslate_slab":267,"minecraft:bucket":4,"minecraft:glass_pane":11,"minecraft:gray_wool":25,"minecraft:jukebox":3},"minecraft:picked_up":{"minecraft:redstone_block":3,"minecraft:music_disc_cat":4,"minecraft:sticky_piston":1,"minecraft:shroomlight":1,"minecraft:oak_sign":1,"minecraft:comparator":1,"minecraft:bucket":4,"minecraft:redstone_torch":2,"minecraft:smooth_quartz":1,"minecraft:smooth_quartz_stairs":1,"minecraft:dark_oak_door":1,"minecraft:music_disc_blocks":1,"minecraft:warped_pressure_plate":1,"minecraft:music_disc_pigstep":9,"minecraft:dirt_path":1,"minecraft:goat_horn":7,"minecraft:green_banner":1,"minecraft:rotten_flesh":5,"minecraft:music_disc_ward":1,"minecraft:iron_block":1,"minecraft:glowstone":1,"minecraft:music_disc_wait":1,"minecraft:deepslate_brick_stairs":3,"minecraft:feather":10,"minecraft:lilac":1,"minecraft:repeater":1,"minecraft:iron_door":7,"minecraft:water_bucket":1,"minecraft:tuff":1,"minecraft:wither_skeleton_skull":1,"minecraft:gray_concrete":1,"minecraft:dirt":1,"minecraft:glass":3,"minecraft:bone":1,"minecraft:wheat_seeds":16,"minecraft:netherite_axe":2,"minecraft:moss_block":1,"minecraft:music_disc_13":2,"minecraft:grass_block":2,"minecraft:netherite_block":1,"minecraft:light_gray_concrete":2,"minecraft:black_concrete":1,"minecraft:writable_book":1,"minecraft:yellow_stained_glass_pane":2,"minecraft:grass":1,"minecraft:white_concrete":3,"minecraft:oak_sapling":2,"minecraft:netherrack":1,"minecraft:bricks":1,"minecraft:dark_oak_fence":1,"minecraft:music_disc_5":1,"minecraft:coarse_dirt":1,"minecraft:azure_bluet":1,"minecraft:redstone_lamp":1,"minecraft:chain":1,"minecraft:cornflower":1,"minecraft:item_frame":6,"minecraft:netherite_sword":1,"minecraft:music_disc_otherside":1,"minecraft:poppy":3,"minecraft:minecart":2,"minecraft:dark_oak_sapling":1,"minecraft:oak_door":2,"minecraft:music_disc_mellohi":4,"minecraft:recovery_compass":2,"minecraft:stone_button":4,"minecraft:music_disc_11":2,"minecraft:redstone":2,"minecraft:stone_pressure_plate":1,"minecraft:oxeye_daisy":3,"minecraft:clock":1,"minecraft:golden_carrot":504,"minecraft:glow_ink_sac":1,"minecraft:blackstone_slab":1,"minecraft:fern":1,"minecraft:filled_map":71,"minecraft:yellow_bed":1,"minecraft:smooth_sandstone":2,"minecraft:gray_carpet":2,"minecraft:music_disc_far":1,"minecraft:dark_oak_stairs":1,"minecraft:acacia_sapling":1,"minecraft:music_disc_chirp":2,"minecraft:scaffolding":31,"minecraft:yellow_concrete":1,"minecraft:dandelion":2,"minecraft:spyglass":1,"minecraft:blast_furnace":1,"minecraft:spruce_door":2,"minecraft:sea_lantern":1,"minecraft:music_disc_mall":1,"minecraft:dried_kelp_block":1,"minecraft:campfire":1,"minecraft:painting":2,"minecraft:lodestone":1,"minecraft:black_wool":1,"minecraft:coal":1,"minecraft:smooth_quartz_slab":1},"minecraft:killed":{"minecraft:axolotl":16,"minecraft:parrot":8,"minecraft:zombie_villager":2,"minecraft:husk":1,"minecraft:wither_skeleton":2},"minecraft:custom":{"minecraft:interact_with_crafting_table":5,"minecraft:open_barrel":1,"minecraft:open_shulker_box":5,"minecraft:eat_cake_slice":16,"minecraft:leave_game":16,"minecraft:time_since_death":0,"minecraft:sprint_one_cm":2341563,"minecraft:drop":346,"minecraft:talked_to_villager":7,"minecraft:play_time":1447432,"minecraft:deaths":4,"minecraft:jump":5199,"minecraft:interact_with_brewingstand":10,"minecraft:walk_on_water_one_cm":11507,"minecraft:interact_with_furnace":1,"minecraft:play_record":26,"minecraft:interact_with_loom":1,"minecraft:damage_dealt":4116,"minecraft:crouch_one_cm":43858,"minecraft:use_cauldron":4,"minecraft:mob_kills":29,"minecraft:interact_with_anvil":7,"minecraft:inspect_hopper":3,"minecraft:fill_cauldron":16,"minecraft:climb_one_cm":4830,"minecraft:walk_one_cm":2624253,"minecraft:sneak_time":11855,"minecraft:walk_under_water_one_cm":737,"minecraft:interact_with_blast_furnace":2,"minecraft:total_world_time":1447432,"minecraft:tune_noteblock":451,"minecraft:interact_with_stonecutter":1,"minecraft:time_since_rest":2133,"minecraft:damage_taken":2084,"minecraft:trigger_trapped_chest":28,"minecraft:minecart_one_cm":800,"minecraft:swim_one_cm":196,"minecraft:fly_one_cm":4366538,"minecraft:open_chest":31,"minecraft:aviate_one_cm":5592126,"minecraft:fall_one_cm":28325},"minecraft:dropped":{"minecraft:clay":1,"minecraft:piston":1,"minecraft:moss_block":1,"minecraft:dark_oak_stairs":1,"minecraft:glow_ink_sac":1,"minecraft:crafting_table":1,"minecraft:elytra":1,"minecraft:music_disc_13":2,"minecraft:item_frame":3,"minecraft:music_disc_11":3,"minecraft:warped_pressure_plate":1,"minecraft:redstone_lamp":1,"minecraft:grass":3,"minecraft:stone_button":5,"minecraft:dark_oak_fence":1,"minecraft:chain":1,"minecraft:writable_book":5,"minecraft:black_concrete":1,"minecraft:cauldron":1,"minecraft:green_wool":1,"minecraft:music_disc_blocks":2,"minecraft:honeycomb_block":1,"minecraft:note_block":1,"minecraft:goat_horn":6,"minecraft:emerald_block":1,"minecraft:music_disc_chirp":2,"minecraft:music_disc_otherside":1,"minecraft:netherite_sword":1,"minecraft:music_disc_5":1,"minecraft:rotten_flesh":2,"minecraft:oak_planks":1,"minecraft:fern":1,"minecraft:music_disc_far":1,"minecraft:azure_bluet":1,"minecraft:recovery_compass":1,"minecraft:poppy":2,"minecraft:sea_lantern":2,"minecraft:reinforced_deepslate":1,"minecraft:spruce_pressure_plate":1,"minecraft:hopper":1,"minecraft:glowstone":1,"minecraft:music_disc_mall":2,"minecraft:azalea":1,"minecraft:chest":1,"minecraft:painting":1,"minecraft:spruce_slab":1,"minecraft:blackstone_slab":1,"minecraft:iron_bars":2,"minecraft:glass":4,"minecraft:campfire":2,"minecraft:netherrack":1,"minecraft:water_bucket":2,"minecraft:wheat_seeds":12,"minecraft:lilac":2,"minecraft:smooth_quartz_stairs":1,"minecraft:minecart":2,"minecraft:bookshelf":1,"minecraft:netherite_axe":1,"minecraft:oak_fence":2,"minecraft:feather":10,"minecraft:music_disc_pigstep":5,"minecraft:spruce_door":1,"minecraft:spruce_stairs":1,"minecraft:grass_block":1,"minecraft:end_rod":1,"minecraft:oxeye_daisy":3,"minecraft:cobweb":1,"minecraft:iron_block":2,"minecraft:gray_wool":1,"minecraft:deepslate_brick_stairs":2,"minecraft:milk_bucket":1,"minecraft:golden_carrot":153,"minecraft:lodestone":2,"minecraft:repeater":1,"minecraft:white_concrete":2,"minecraft:rose_bush":1,"minecraft:smooth_quartz":2,"minecraft:iron_door":1,"minecraft:crimson_sign":1,"minecraft:smooth_quartz_slab":1,"minecraft:jungle_leaves":1,"minecraft:music_disc_ward":1,"minecraft:flowering_azalea":1,"minecraft:music_disc_wait":1,"minecraft:smooth_sandstone":3,"minecraft:tripwire_hook":1,"minecraft:bucket":5,"minecraft:music_disc_cat":4,"minecraft:redstone_block":3,"minecraft:redstone":3,"minecraft:polished_diorite":2,"minecraft:bricks":1,"minecraft:jukebox":1,"minecraft:tuff":1,"minecraft:sticky_piston":2,"minecraft:comparator":1,"minecraft:stone_slab":1,"minecraft:light_gray_concrete":4,"minecraft:cobbled_deepslate_slab":1,"minecraft:oak_sign":3,"minecraft:blast_furnace":2,"minecraft:light":1,"minecraft:filled_map":132,"minecraft:hay_block":1,"minecraft:shroomlight":1,"minecraft:stone":1,"minecraft:spruce_trapdoor":1,"minecraft:peony":1,"minecraft:spruce_planks":1,"minecraft:netherite_block":2,"minecraft:andesite":1,"minecraft:cake":1,"minecraft:redstone_torch":1,"minecraft:stone_pressure_plate":1,"minecraft:stone_bricks":1,"minecraft:brown_carpet":1,"minecraft:blue_orchid":1,"minecraft:music_disc_mellohi":2,"minecraft:red_tulip":1,"minecraft:black_wool":1}},"DataVersion":3105}