{"stats":{"minecraft:used":{"minecraft:oak_trapdoor":2,"minecraft:oak_fence":25,"minecraft:music_disc_far":1,"minecraft:netherite_sword":13,"minecraft:iron_bars":40,"minecraft:polished_deepslate":5,"minecraft:flint_and_steel":2,"minecraft:smooth_quartz_slab":7,"minecraft:armor_stand":114,"minecraft:redstone":73,"minecraft:dispenser":2,"minecraft:light_blue_terracotta":7,"minecraft:light_gray_carpet":1,"minecraft:mangrove_button":3,"minecraft:spruce_planks":1,"minecraft:stone":130,"minecraft:red_nether_brick_stairs":10,"minecraft:stripped_birch_wood":102,"minecraft:dried_kelp_block":2,"minecraft:spruce_leaves":1,"minecraft:target":12,"minecraft:dirt":649,"minecraft:birch_pressure_plate":1,"minecraft:anvil":2,"minecraft:brick_slab":14,"minecraft:spruce_stairs":30,"minecraft:stone_stairs":5,"minecraft:music_disc_11":4,"minecraft:music_disc_13":1,"minecraft:obsidian":28,"minecraft:mud_brick_stairs":61,"minecraft:polished_diorite":184,"minecraft:polished_deepslate_stairs":23,"minecraft:birch_door":19,"minecraft:music_disc_mellohi":1,"minecraft:glass":1,"minecraft:bricks":672,"minecraft:bookshelf":45,"minecraft:quartz_slab":1413,"minecraft:grass_block":57,"minecraft:oak_stairs":42,"minecraft:slime_block":21,"minecraft:smooth_sandstone":3,"minecraft:music_disc_chirp":1,"minecraft:dark_oak_leaves":38,"minecraft:waxed_weathered_cut_copper":1,"minecraft:mud_bricks":1118,"minecraft:barrel":12,"minecraft:blue_banner":8,"minecraft:stone_bricks":8,"minecraft:music_disc_stal":1,"minecraft:item_frame":279,"minecraft:light_gray_wool":29,"minecraft:repeater":2,"minecraft:bow":40,"minecraft:scaffolding":554,"minecraft:white_stained_glass_pane":2,"minecraft:trapped_chest":8,"minecraft:gray_banner":2,"minecraft:stone_pressure_plate":6,"minecraft:cobbled_deepslate":4,"minecraft:observer":10,"minecraft:stripped_spruce_wood":38,"minecraft:end_rod":123,"minecraft:dirt_path":179,"minecraft:dropper":2,"minecraft:mud_brick_slab":70,"minecraft:red_nether_bricks":273,"minecraft:cartography_table":1,"minecraft:black_glazed_terracotta":4,"minecraft:blue_bed":5,"minecraft:fletching_table":1,"minecraft:glow_ink_sac":1,"minecraft:deepslate_bricks":20,"minecraft:polished_blackstone_bricks":215,"minecraft:stripped_mangrove_wood":3,"minecraft:polished_deepslate_slab":22,"minecraft:mossy_cobblestone":24,"minecraft:music_disc_cat":1,"minecraft:crafting_table":3,"minecraft:light_blue_concrete":5,"minecraft:loom":1,"minecraft:stone_brick_wall":1,"minecraft:gray_concrete":78,"minecraft:painting":59,"minecraft:smoker":1,"minecraft:dark_oak_door":3,"minecraft:lightning_rod":4,"minecraft:deepslate_tile_wall":12,"minecraft:oak_log":10,"minecraft:sticky_piston":6,"minecraft:piston":7,"minecraft:light":56,"minecraft:black_concrete":3,"minecraft:firework_rocket":114,"minecraft:mangrove_door":2,"minecraft:acacia_door":4,"minecraft:music_disc_mall":1,"minecraft:oak_button":1,"minecraft:map":6,"minecraft:barrier":15,"minecraft:stone_button":6,"minecraft:polished_granite":180,"minecraft:oak_pressure_plate":24,"minecraft:iron_door":16,"minecraft:spruce_sapling":1,"minecraft:deepslate":2,"minecraft:music_disc_blocks":1,"minecraft:nether_wart_block":64,"minecraft:cobblestone":23,"minecraft:potion":9,"minecraft:cobbled_deepslate_slab":841,"minecraft:smithing_table":2,"minecraft:jungle_door":4,"minecraft:glass_pane":215,"minecraft:coarse_dirt":916,"minecraft:white_concrete":787,"minecraft:gray_wool":148,"minecraft:jukebox":4,"minecraft:warped_button":2,"minecraft:bone_meal":6,"minecraft:smooth_stone":22},"minecraft:picked_up":{"minecraft:end_stone_bricks":4,"minecraft:birch_door":7,"minecraft:redstone_block":66,"minecraft:splash_potion":1,"minecraft:flower_pot":1,"minecraft:potion":2,"minecraft:dragon_head":2,"minecraft:light":11,"minecraft:cornflower":1,"minecraft:elytra":2,"minecraft:acacia_door":5,"minecraft:quartz_slab":1,"minecraft:item_frame":7,"minecraft:glass_pane":3,"minecraft:oak_sign":1,"minecraft:cobbled_deepslate":1,"minecraft:black_glazed_terracotta":1,"minecraft:spruce_planks":5,"minecraft:iron_nugget":2,"minecraft:smooth_quartz":2,"minecraft:spruce_slab":3,"minecraft:piston":1,"minecraft:dark_oak_door":1,"minecraft:stone":3,"minecraft:jungle_door":3,"minecraft:polished_deepslate_stairs":2,"minecraft:oak_fence":1,"minecraft:music_disc_mellohi":1,"minecraft:polished_blackstone_bricks":1,"minecraft:white_dye":65,"minecraft:quartz_pillar":4,"minecraft:stone_button":2,"minecraft:music_disc_11":2,"minecraft:music_disc_pigstep":17,"minecraft:redstone":1,"minecraft:blue_carpet":2,"minecraft:stone_pressure_plate":2,"minecraft:black_dye":64,"minecraft:rotten_flesh":7,"minecraft:deepslate_bricks":2,"minecraft:end_rod":2,"minecraft:netherite_chestplate":1,"minecraft:skeleton_skull":6,"minecraft:cobblestone":112,"minecraft:netherite_boots":1,"minecraft:barrier":1,"minecraft:mud_bricks":3,"minecraft:iron_door":4,"minecraft:glow_ink_sac":1,"minecraft:water_bucket":3,"minecraft:mud_brick_stairs":4,"minecraft:filled_map":4,"minecraft:birch_planks":2,"minecraft:stripped_spruce_wood":1,"minecraft:netherite_leggings":1,"minecraft:gray_concrete":5,"minecraft:stripped_birch_log":2,"minecraft:dirt":2,"minecraft:lantern":64,"minecraft:white_banner":16,"minecraft:birch_pressure_plate":6,"minecraft:stone_bricks":1,"minecraft:wheat_seeds":20,"minecraft:dark_oak_sign":2,"minecraft:stripped_oak_wood":1,"minecraft:scaffolding":609,"minecraft:music_disc_13":1,"minecraft:dandelion":2,"minecraft:oak_pressure_plate":5,"minecraft:grass_block":3,"minecraft:loom":65,"minecraft:leather_helmet":3,"minecraft:light_gray_concrete":1,"minecraft:firework_rocket":64,"minecraft:music_disc_mall":1,"minecraft:dispenser":66,"minecraft:slime_block":1,"minecraft:light_blue_terracotta":2,"minecraft:deepslate":1,"minecraft:polished_diorite":6,"minecraft:lever":1,"minecraft:painting":1,"minecraft:white_concrete":4,"minecraft:gray_wool":3,"minecraft:light_gray_carpet":2,"minecraft:end_stone_brick_slab":1,"minecraft:bricks":2},"minecraft:custom":{"minecraft:inspect_dropper":4,"minecraft:mob_kills":3,"minecraft:interact_with_anvil":2,"minecraft:inspect_hopper":2,"minecraft:open_barrel":2,"minecraft:leave_game":10,"minecraft:time_since_death":632812,"minecraft:climb_one_cm":4444,"minecraft:sprint_one_cm":1239920,"minecraft:walk_one_cm":2063964,"minecraft:drop":245,"minecraft:target_hit":21,"minecraft:play_time":875157,"minecraft:deaths":2,"minecraft:sneak_time":9034,"minecraft:walk_under_water_one_cm":726,"minecraft:jump":6098,"minecraft:walk_on_water_one_cm":528,"minecraft:total_world_time":875157,"minecraft:play_record":12,"minecraft:interact_with_cartography_table":6,"minecraft:time_since_rest":632897,"minecraft:damage_taken":8300,"minecraft:damage_dealt":1219,"minecraft:swim_one_cm":544,"minecraft:fly_one_cm":4865180,"minecraft:open_chest":5,"minecraft:crouch_one_cm":7212,"minecraft:aviate_one_cm":552083,"minecraft:fall_one_cm":83549,"minecraft:inspect_dispenser":9},"minecraft:killed":{"minecraft:silverfish":1,"minecraft:cat":1},"minecraft:dropped":{"minecraft:water_bucket":1,"minecraft:acacia_boat":1,"minecraft:birch_planks":2,"minecraft:wheat_seeds":13,"minecraft:oak_pressure_plate":1,"minecraft:glow_ink_sac":1,"minecraft:loom":7,"minecraft:netherite_chestplate":1,"minecraft:netherite_helmet":1,"minecraft:end_stone_brick_slab":1,"minecraft:oak_fence":2,"minecraft:barrier":1,"minecraft:lantern":56,"minecraft:quartz_pillar":2,"minecraft:disc_fragment_5":1,"minecraft:elytra":1,"minecraft:grass_block":3,"minecraft:leather_helmet":2,"minecraft:music_disc_13":1,"minecraft:item_frame":3,"minecraft:music_disc_11":3,"minecraft:end_rod":2,"minecraft:dried_kelp_block":1,"minecraft:gray_concrete":2,"minecraft:dirt":3,"minecraft:gray_wool":4,"minecraft:stone_button":3,"minecraft:dispenser":10,"minecraft:white_concrete":1,"minecraft:smooth_quartz":1,"minecraft:map":63,"minecraft:netherite_boots":1,"minecraft:mud_brick_stairs":4,"minecraft:iron_door":1,"minecraft:potion":4,"minecraft:stripped_birch_log":2,"minecraft:music_disc_strad":1,"minecraft:polished_blackstone_bricks":1,"minecraft:acacia_door":3,"minecraft:blue_carpet":1,"minecraft:music_disc_cat":1,"minecraft:redstone_block":65,"minecraft:polished_deepslate":1,"minecraft:music_disc_blocks":1,"minecraft:dark_oak_door":2,"minecraft:polished_diorite":7,"minecraft:goat_horn":11,"minecraft:lever":1,"minecraft:iron_nugget":2,"minecraft:dragon_head":1,"minecraft:music_disc_chirp":1,"minecraft:cobbled_deepslate":1,"minecraft:jukebox":1,"minecraft:deepslate":1,"minecraft:netherite_sword":1,"minecraft:birch_pressure_plate":2,"minecraft:rotten_flesh":3,"minecraft:slime_block":1,"minecraft:netherite_shovel":1,"minecraft:light_gray_carpet":1,"minecraft:ender_eye":1,"minecraft:music_disc_far":1,"minecraft:oak_sign":1,"minecraft:lightning_rod":1,"minecraft:netherite_leggings":1,"minecraft:target":1,"minecraft:light":6,"minecraft:black_glazed_terracotta":1,"minecraft:deepslate_bricks":2,"minecraft:stone":3,"minecraft:mud_bricks":1,"minecraft:flower_pot":1,"minecraft:skeleton_skull":3,"minecraft:spruce_planks":5,"minecraft:dropper":1,"minecraft:music_disc_mall":1,"minecraft:birch_door":1,"minecraft:gray_concrete_powder":1,"minecraft:white_dye":106,"minecraft:spruce_slab":3,"minecraft:end_stone_bricks":1,"minecraft:music_disc_mellohi":1,"minecraft:light_blue_terracotta":1,"minecraft:stripped_spruce_wood":1,"minecraft:scaffolding":291,"minecraft:quartz_slab":2,"minecraft:firework_rocket":1}},"DataVersion":3105}