{"stats":{"minecraft:used":{"minecraft:oak_fence":63,"minecraft:netherite_sword":33,"minecraft:jungle_leaves":1,"minecraft:red_sand":8,"minecraft:writable_book":2,"minecraft:iron_bars":29,"minecraft:carved_pumpkin":1,"minecraft:armor_stand":3,"minecraft:mangrove_chest_boat":2,"minecraft:spruce_slab":1,"minecraft:redstone":8,"minecraft:zombie_villager_spawn_egg":114,"minecraft:light_gray_carpet":13,"minecraft:mangrove_fence_gate":3,"minecraft:oak_sign":5,"minecraft:green_banner":23,"minecraft:stone":12,"minecraft:deepslate_gold_ore":2,"minecraft:grass":1,"minecraft:player_head":3,"minecraft:netherrack":32,"minecraft:green_terracotta":59,"minecraft:sculk_sensor":4,"minecraft:oak_door":3,"minecraft:dirt":14,"minecraft:anvil":1,"minecraft:brick_slab":5,"minecraft:nether_bricks":18,"minecraft:spruce_stairs":13,"minecraft:yellow_carpet":437,"minecraft:mud_brick_stairs":3,"minecraft:polished_diorite":418,"minecraft:birch_door":12,"minecraft:shroomlight":20,"minecraft:glass":46,"minecraft:lava_bucket":87,"minecraft:bricks":1444,"minecraft:villager_spawn_egg":40,"minecraft:deepslate_copper_ore":7,"minecraft:quartz_slab":78,"minecraft:waxed_cut_copper":11,"minecraft:oak_stairs":80,"minecraft:iron_block":14,"minecraft:grass_block":34,"minecraft:smooth_sandstone":7,"minecraft:dark_oak_slab":4,"minecraft:smooth_quartz":48,"minecraft:mud_bricks":24,"minecraft:item_frame":306,"minecraft:yellow_concrete_powder":135,"minecraft:bedrock":2,"minecraft:diamond_chestplate":1,"minecraft:deepslate_diamond_ore":18,"minecraft:tripwire_hook":18,"minecraft:mangrove_roots":1,"minecraft:white_stained_glass_pane":2,"minecraft:skeleton_skull":6,"minecraft:trapped_chest":1,"minecraft:crimson_pressure_plate":3,"minecraft:stone_pressure_plate":4,"minecraft:red_dye":1,"minecraft:brown_concrete_powder":56,"minecraft:magenta_shulker_box":2,"minecraft:pointed_dripstone":12,"minecraft:mangrove_boat":4,"minecraft:zombie_horse_spawn_egg":1,"minecraft:water_bucket":6,"minecraft:end_rod":185,"minecraft:diamond_boots":1,"minecraft:wither_skeleton_skull":1,"minecraft:birch_planks":2,"minecraft:red_stained_glass":7,"minecraft:gray_carpet":3,"minecraft:red_nether_bricks":19,"minecraft:cauldron":10,"minecraft:blue_bed":2,"minecraft:glow_ink_sac":3,"minecraft:oak_leaves":3,"minecraft:golden_apple":1,"minecraft:diamond_block":112,"minecraft:sand":349,"minecraft:light_blue_concrete":6,"minecraft:tnt":6,"minecraft:red_bed":1,"minecraft:black_banner":2,"minecraft:birch_sign":1,"minecraft:blast_furnace":1,"minecraft:deepslate_redstone_ore":3,"minecraft:yellow_concrete":11,"minecraft:acacia_leaves":44,"minecraft:campfire":2,"minecraft:gray_concrete":7,"minecraft:painting":89,"minecraft:mangrove_sign":1,"minecraft:deepslate_lapis_ore":5,"minecraft:cobbled_deepslate_stairs":28,"minecraft:redstone_torch":9,"minecraft:sticky_piston":10,"minecraft:lever":7,"minecraft:flower_pot":8,"minecraft:acacia_door":15,"minecraft:mangrove_door":16,"minecraft:light_gray_concrete":1,"minecraft:deepslate_iron_ore":14,"minecraft:barrier":21,"minecraft:string":165,"minecraft:pig_spawn_egg":1,"minecraft:stone_button":37,"minecraft:spruce_trapdoor":45,"minecraft:oak_pressure_plate":70,"minecraft:iron_door":2,"minecraft:gravel":2,"minecraft:deepslate":810,"minecraft:flowering_azalea_leaves":7,"minecraft:cobblestone":15,"minecraft:potion":1,"minecraft:azalea_leaves":1,"minecraft:cobbled_deepslate_slab":139,"minecraft:stripped_oak_wood":4,"minecraft:chain":7,"minecraft:glass_pane":25,"minecraft:oak_boat":1,"minecraft:waxed_cut_copper_stairs":28,"minecraft:white_concrete":119,"minecraft:gray_wool":93,"minecraft:sculk_vein":31,"minecraft:splash_potion":22,"minecraft:diamond_leggings":1,"minecraft:experience_bottle":9,"minecraft:cobweb":12},"minecraft:picked_up":{"minecraft:birch_door":1,"minecraft:iron_chestplate":1,"minecraft:string":1,"minecraft:iron_leggings":1,"minecraft:item_frame":16,"minecraft:shroomlight":1,"minecraft:netherite_sword":1,"minecraft:redstone_torch":1,"minecraft:poppy":2,"minecraft:spruce_slab":1,"minecraft:iron_boots":1,"minecraft:raw_iron":3,"minecraft:stone_button":2,"minecraft:magenta_shulker_box":1,"minecraft:green_banner":1,"minecraft:rotten_flesh":15,"minecraft:netherite_chestplate":1,"minecraft:skeleton_skull":2,"minecraft:cobblestone":295,"minecraft:netherite_boots":1,"minecraft:barrier":10,"minecraft:potato":1,"minecraft:netherite_leggings":1,"minecraft:dirt":6,"minecraft:gray_carpet":1,"minecraft:wheat_seeds":3,"minecraft:iron_ingot":3,"minecraft:grass_block":1,"minecraft:brick_slab":1,"minecraft:yellow_carpet":4,"minecraft:polished_diorite":1,"minecraft:netherite_helmet":1,"minecraft:lever":2,"minecraft:iron_helmet":1,"minecraft:birch_sign":80},"minecraft:custom":{"minecraft:interact_with_anvil":3,"minecraft:mob_kills":8,"minecraft:fill_cauldron":1,"minecraft:open_shulker_box":8,"minecraft:leave_game":7,"minecraft:time_since_death":587808,"minecraft:climb_one_cm":521,"minecraft:sprint_one_cm":1058736,"minecraft:walk_one_cm":614090,"minecraft:drop":37,"minecraft:talked_to_villager":10,"minecraft:play_time":587808,"minecraft:sneak_time":15209,"minecraft:boat_one_cm":47918,"minecraft:jump":2076,"minecraft:walk_on_water_one_cm":4911,"minecraft:total_world_time":587808,"minecraft:pot_flower":4,"minecraft:time_since_rest":587808,"minecraft:trigger_trapped_chest":7,"minecraft:damage_dealt":2362,"minecraft:fly_one_cm":1801081,"minecraft:open_chest":3,"minecraft:crouch_one_cm":32180},"minecraft:killed":{"minecraft:zombie_villager":3,"minecraft:iron_golem":1,"minecraft:villager":4},"minecraft:dropped":{"minecraft:netherite_chestplate":1,"minecraft:netherite_helmet":1,"minecraft:barrier":10,"minecraft:iron_helmet":1,"minecraft:grass_block":1,"minecraft:item_frame":13,"minecraft:stone_button":1,"minecraft:netherite_boots":1,"minecraft:iron_leggings":1,"minecraft:string":1,"minecraft:pig_spawn_egg":1,"minecraft:iron_boots":1,"minecraft:netherite_leggings":1,"minecraft:iron_chestplate":1,"minecraft:spruce_slab":1,"minecraft:brick_slab":1}},"DataVersion":3105}