{"stats":{"minecraft:killed_by":{"minecraft:skeleton":1},"minecraft:used":{"minecraft:oak_fence":101,"minecraft:oak_trapdoor":6,"minecraft:orange_dye":1,"minecraft:petrified_oak_slab":12,"minecraft:blue_terracotta":13,"minecraft:writable_book":4,"minecraft:iron_bars":41,"minecraft:flint_and_steel":5,"minecraft:armor_stand":17,"minecraft:oak_sign":26,"minecraft:light_gray_carpet":2,"minecraft:spruce_planks":478,"minecraft:chest":8,"minecraft:music_disc_5":1,"minecraft:stone":3,"minecraft:sculk":2,"minecraft:brown_shulker_box":7,"minecraft:quartz_stairs":26,"minecraft:player_head":6,"minecraft:netherrack":31,"minecraft:iron_chestplate":2,"minecraft:oak_door":71,"minecraft:torch":5,"minecraft:spyglass":159,"minecraft:dirt":38,"minecraft:anvil":2,"minecraft:brick_slab":15,"minecraft:nether_bricks":4,"minecraft:spruce_stairs":71,"minecraft:warped_door":7,"minecraft:deepslate_brick_slab":24,"minecraft:oak_wood":124,"minecraft:raw_iron_block":11,"minecraft:furnace_minecart":1,"minecraft:tuff":10,"minecraft:warped_pressure_plate":2,"minecraft:granite":49,"minecraft:blue_concrete":14,"minecraft:milk_bucket":3,"minecraft:oak_fence_gate":2,"minecraft:polished_diorite":1,"minecraft:shroomlight":36,"minecraft:glass":397,"minecraft:crimson_button":2,"minecraft:stone_brick_slab":107,"minecraft:bricks":1593,"minecraft:bookshelf":25,"minecraft:villager_spawn_egg":5,"minecraft:quartz_slab":106,"minecraft:iron_block":10,"minecraft:grass_block":183,"minecraft:oak_stairs":190,"minecraft:brick_stairs":15,"minecraft:smooth_sandstone":9,"minecraft:crimson_slab":9,"minecraft:chicken_spawn_egg":3,"minecraft:iron_helmet":1,"minecraft:gray_concrete_powder":7,"minecraft:smooth_quartz":270,"minecraft:raw_gold_block":8,"minecraft:waxed_weathered_cut_copper":395,"minecraft:mud_bricks":176,"minecraft:stone_brick_stairs":11,"minecraft:stone_bricks":333,"minecraft:item_frame":152,"minecraft:bedrock":1,"minecraft:tripwire_hook":1,"minecraft:glowstone":4,"minecraft:raw_copper_block":14,"minecraft:golden_carrot":18,"minecraft:infested_cracked_stone_bricks":2,"minecraft:oak_sapling":3,"minecraft:yellow_glazed_terracotta":1,"minecraft:furnace":1,"minecraft:gold_block":16,"minecraft:trapped_chest":3,"minecraft:minecart":2,"minecraft:stone_pressure_plate":14,"minecraft:red_dye":1,"minecraft:cobbled_deepslate":230,"minecraft:observer":10,"minecraft:iron_leggings":1,"minecraft:calcite":318,"minecraft:water_bucket":2,"minecraft:end_rod":23,"minecraft:cow_spawn_egg":3,"minecraft:brick_wall":4,"minecraft:birch_planks":3,"minecraft:lead":2,"minecraft:glass_bottle":1,"minecraft:gray_carpet":126,"minecraft:dark_oak_sign":25,"minecraft:oak_planks":67,"minecraft:mud_brick_slab":178,"minecraft:redstone_block":3,"minecraft:spruce_sign":2,"minecraft:cauldron":1,"minecraft:cobblestone_slab":26,"minecraft:glow_ink_sac":13,"minecraft:deepslate_bricks":98,"minecraft:smooth_quartz_stairs":6,"minecraft:polished_blackstone_bricks":3,"minecraft:oak_leaves":223,"minecraft:white_wool":88,"minecraft:polished_deepslate_slab":35,"minecraft:diamond_block":9,"minecraft:rail":25,"minecraft:crafting_table":2,"minecraft:light_blue_concrete":12,"minecraft:oak_slab":123,"minecraft:black_banner":11,"minecraft:birch_sign":1,"minecraft:light_gray_terracotta":62,"minecraft:yellow_concrete":1,"minecraft:stone_brick_wall":1,"minecraft:gray_concrete":226,"minecraft:note_block":1,"minecraft:painting":27,"minecraft:cobbled_deepslate_stairs":10,"minecraft:deepslate_brick_stairs":84,"minecraft:dark_oak_door":10,"minecraft:mud":2,"minecraft:piston":6,"minecraft:netherite_block":19,"minecraft:lever":1,"minecraft:flower_pot":3,"minecraft:light":460,"minecraft:black_wool":16,"minecraft:gray_shulker_box":2,"minecraft:mangrove_door":5,"minecraft:acacia_door":1,"minecraft:command_block":1,"minecraft:light_gray_concrete":333,"minecraft:heavy_weighted_pressure_plate":1,"minecraft:stone_button":3,"minecraft:string":4,"minecraft:map":35,"minecraft:barrier":91,"minecraft:pig_spawn_egg":3,"minecraft:spruce_pressure_plate":19,"minecraft:red_terracotta":3,"minecraft:polished_granite":46,"minecraft:spruce_trapdoor":2,"minecraft:oak_pressure_plate":73,"minecraft:iron_door":51,"minecraft:gravel":7,"minecraft:crimson_sign":1,"minecraft:granite_slab":12,"minecraft:green_carpet":4,"minecraft:nether_wart_block":4,"minecraft:coal_block":2,"minecraft:cobbled_deepslate_slab":596,"minecraft:jungle_door":4,"minecraft:glass_pane":139,"minecraft:white_concrete":966,"minecraft:coarse_dirt":1,"minecraft:splash_potion":1,"minecraft:bone_meal":28,"minecraft:jukebox":2},"minecraft:picked_up":{"minecraft:music_disc_5":1,"minecraft:music_disc_strad":1,"minecraft:lead":2,"minecraft:turtle_egg":1,"minecraft:light":3,"minecraft:music_disc_cat":1,"minecraft:acacia_door":1,"minecraft:iron_axe":2,"minecraft:item_frame":48,"minecraft:pufferfish":1,"minecraft:beetroot":1,"minecraft:netherite_sword":1,"minecraft:comparator":2,"minecraft:red_dye":1,"minecraft:minecart":1,"minecraft:music_disc_blocks":1,"minecraft:oak_door":1,"minecraft:music_disc_11":2,"minecraft:music_disc_pigstep":6,"minecraft:warped_door":3,"minecraft:goat_horn":20,"minecraft:stone_pressure_plate":4,"minecraft:pumpkin_pie":1,"minecraft:mangrove_door":9,"minecraft:rail":3,"minecraft:mud_bricks":2,"minecraft:clock":1,"minecraft:glow_ink_sac":2,"minecraft:golden_carrot":454,"minecraft:iron_door":1,"minecraft:salmon":1,"minecraft:music_disc_stal":1,"minecraft:filled_map":63,"minecraft:acacia_boat":1,"minecraft:smooth_sandstone":2,"minecraft:wheat_seeds":22,"minecraft:music_disc_far":1,"minecraft:cooked_chicken":1,"minecraft:netherite_axe":2,"minecraft:glass_bottle":3,"minecraft:music_disc_chirp":1,"minecraft:oak_pressure_plate":8,"minecraft:dandelion":1,"minecraft:spyglass":2,"minecraft:lava_bucket":1,"minecraft:spider_eye":1,"minecraft:slime_ball":14,"minecraft:polished_diorite":2,"minecraft:painting":7,"minecraft:white_concrete":1,"minecraft:bricks":2},"minecraft:killed":{"minecraft:axolotl":2,"minecraft:skeleton_horse":1,"minecraft:villager":2},"minecraft:custom":{"minecraft:mob_kills":5,"minecraft:interact_with_anvil":5,"minecraft:inspect_hopper":1,"minecraft:interact_with_crafting_table":2,"minecraft:open_barrel":1,"minecraft:fill_cauldron":2,"minecraft:open_shulker_box":15,"minecraft:leave_game":20,"minecraft:time_since_death":97195,"minecraft:climb_one_cm":10388,"minecraft:sprint_one_cm":1289442,"minecraft:walk_one_cm":3250555,"minecraft:drop":112,"minecraft:talked_to_villager":4,"minecraft:play_time":1462278,"minecraft:deaths":4,"minecraft:sneak_time":18516,"minecraft:walk_under_water_one_cm":587,"minecraft:jump":3188,"minecraft:interact_with_brewingstand":17,"minecraft:interact_with_blast_furnace":1,"minecraft:walk_on_water_one_cm":4847,"minecraft:total_world_time":1462547,"minecraft:play_record":1,"minecraft:tune_noteblock":171,"minecraft:time_since_rest":97250,"minecraft:damage_taken":1520,"minecraft:trigger_trapped_chest":16,"minecraft:minecart_one_cm":3430,"minecraft:damage_dealt":799,"minecraft:swim_one_cm":189,"minecraft:fly_one_cm":3194422,"minecraft:open_chest":46,"minecraft:crouch_one_cm":13804,"minecraft:use_cauldron":1,"minecraft:fall_one_cm":21350},"minecraft:dropped":{"minecraft:acacia_boat":1,"minecraft:wheat_seeds":20,"minecraft:orange_dye":1,"minecraft:mud_brick_slab":1,"minecraft:glow_ink_sac":4,"minecraft:dark_oak_sapling":1,"minecraft:music_disc_pigstep":6,"minecraft:grass_block":1,"minecraft:item_frame":31,"minecraft:lava_bucket":1,"minecraft:dirt":1,"minecraft:gray_concrete":1,"minecraft:golden_carrot":768,"minecraft:white_concrete":1,"minecraft:yellow_glazed_terracotta":1,"minecraft:iron_door":2,"minecraft:potion":1,"minecraft:music_disc_strad":1,"minecraft:red_dye":1,"minecraft:string":1,"minecraft:smooth_sandstone":3,"minecraft:trapped_chest":1,"minecraft:bucket":1,"minecraft:music_disc_stal":1,"minecraft:music_disc_blocks":1,"minecraft:gravel":1,"minecraft:polished_diorite":2,"minecraft:bricks":2,"minecraft:goat_horn":9,"minecraft:spyglass":2,"minecraft:music_disc_chirp":1,"minecraft:dark_oak_sign":1,"minecraft:music_disc_5":1,"minecraft:comparator":3,"minecraft:mangrove_door":1,"minecraft:music_disc_far":1,"minecraft:light_gray_concrete":2,"minecraft:cobbled_deepslate_slab":1,"minecraft:glass_pane":1,"minecraft:light":2,"minecraft:filled_map":60,"minecraft:stone":2,"minecraft:mud_bricks":4,"minecraft:flower_pot":1,"minecraft:waxed_weathered_cut_copper":1,"minecraft:painting":1}},"DataVersion":3105}