{"stats":{"minecraft:used":{"minecraft:oak_trapdoor":39,"minecraft:oak_fence":1,"minecraft:netherite_sword":62,"minecraft:red_sand":1,"minecraft:iron_bars":107,"minecraft:polished_deepslate":5,"minecraft:smooth_quartz_slab":1,"minecraft:armor_stand":8,"minecraft:redstone":12,"minecraft:polished_blackstone":5,"minecraft:zombie_villager_spawn_egg":1,"minecraft:ladder":16,"minecraft:light_gray_carpet":7,"minecraft:oak_sign":2,"minecraft:mangrove_button":4,"minecraft:stone":461,"minecraft:creeper_head":11,"minecraft:warped_sign":1,"minecraft:quartz_stairs":6,"minecraft:player_head":1,"minecraft:smooth_sandstone_stairs":21,"minecraft:green_terracotta":309,"minecraft:torch":3,"minecraft:brewing_stand":17,"minecraft:birch_pressure_plate":7,"minecraft:dirt":36,"minecraft:spyglass":6,"minecraft:anvil":6,"minecraft:hopper":2,"minecraft:spruce_stairs":18,"minecraft:stone_stairs":42,"minecraft:warped_door":17,"minecraft:glow_lichen":2,"minecraft:allay_spawn_egg":1,"minecraft:milk_bucket":2,"minecraft:polished_diorite":4,"minecraft:polished_deepslate_stairs":10,"minecraft:andesite_wall":7,"minecraft:birch_door":27,"minecraft:glass":73,"minecraft:stone_brick_slab":82,"minecraft:crimson_button":7,"minecraft:lava_bucket":1,"minecraft:chipped_anvil":1,"minecraft:bricks":107,"minecraft:mangrove_stairs":19,"minecraft:quartz_slab":42,"minecraft:iron_block":3,"minecraft:lantern":2,"minecraft:grass_block":294,"minecraft:oak_stairs":4,"minecraft:rooted_dirt":18,"minecraft:spruce_button":3,"minecraft:smooth_sandstone":1366,"minecraft:gray_concrete_powder":280,"minecraft:smooth_quartz":32,"minecraft:dark_oak_button":4,"minecraft:mud_bricks":20,"minecraft:barrel":8,"minecraft:stone_bricks":562,"minecraft:item_frame":104,"minecraft:yellow_concrete_powder":2,"minecraft:birch_trapdoor":133,"minecraft:red_carpet":4,"minecraft:brown_carpet":1,"minecraft:bow":1,"minecraft:warped_stairs":4,"minecraft:oak_sapling":27,"minecraft:jungle_button":3,"minecraft:mangrove_slab":46,"minecraft:yellow_glazed_terracotta":1,"minecraft:furnace":3,"minecraft:podzol":13,"minecraft:stone_pressure_plate":4,"minecraft:gray_banner":2,"minecraft:observer":13,"minecraft:stripped_spruce_wood":3,"minecraft:pointed_dripstone":8,"minecraft:mangrove_leaves":66,"minecraft:calcite":94,"minecraft:water_bucket":39,"minecraft:end_rod":1,"minecraft:damaged_anvil":1,"minecraft:end_stone_bricks":5,"minecraft:dirt_path":4,"minecraft:spruce_door":32,"minecraft:birch_planks":3,"minecraft:infested_stone":1,"minecraft:dark_oak_sign":21,"minecraft:smooth_sandstone_slab":1,"minecraft:ender_pearl":2,"minecraft:redstone_block":14,"minecraft:cauldron":9,"minecraft:stonecutter":2,"minecraft:parrot_spawn_egg":1,"minecraft:glow_ink_sac":97,"minecraft:horse_spawn_egg":1,"minecraft:oak_leaves":48,"minecraft:smooth_quartz_stairs":76,"minecraft:glow_item_frame":18,"minecraft:polished_blackstone_pressure_plate":1,"minecraft:orange_carpet":1,"minecraft:mangrove_trapdoor":3,"minecraft:light_blue_concrete":5,"minecraft:crafting_table":5,"minecraft:crimson_trapdoor":5,"minecraft:birch_sign":77,"minecraft:blast_furnace":3,"minecraft:yellow_concrete":405,"minecraft:light_gray_concrete_powder":3,"minecraft:gray_concrete":10,"minecraft:stone_brick_wall":260,"minecraft:painting":105,"minecraft:infested_stone_bricks":209,"minecraft:cake":1,"minecraft:dark_oak_door":3,"minecraft:lightning_rod":13,"minecraft:birch_fence":7,"minecraft:creeper_spawn_egg":4,"minecraft:oak_log":38,"minecraft:sticky_piston":1,"minecraft:blue_stained_glass_pane":2,"minecraft:piston":14,"minecraft:lever":12,"minecraft:green_concrete":2,"minecraft:light":123,"minecraft:black_concrete":2,"minecraft:firework_rocket":360,"minecraft:mangrove_door":26,"minecraft:zombie_head":4,"minecraft:light_gray_concrete":32,"minecraft:heavy_weighted_pressure_plate":6,"minecraft:barrier":11,"minecraft:oak_button":3,"minecraft:string":8,"minecraft:pig_spawn_egg":13,"minecraft:map":4,"minecraft:stone_button":26,"minecraft:spruce_pressure_plate":1,"minecraft:lectern":1,"minecraft:stone_slab":59,"minecraft:spruce_trapdoor":36,"minecraft:iron_door":13,"minecraft:soul_lantern":1,"minecraft:coal_block":8,"minecraft:potion":2,"minecraft:cobbled_deepslate_slab":836,"minecraft:red_concrete_powder":1,"minecraft:grindstone":4,"minecraft:crimson_door":1,"minecraft:chain":2,"minecraft:glass_pane":78,"minecraft:smooth_stone_slab":175,"minecraft:sculk_catalyst":1,"minecraft:gray_wool":153,"minecraft:white_concrete":251,"minecraft:husk_spawn_egg":3,"minecraft:coarse_dirt":11,"minecraft:warped_button":6,"minecraft:bone_meal":159,"minecraft:sculk_vein":3,"minecraft:jukebox":1,"minecraft:smooth_stone":17,"minecraft:splash_potion":11,"minecraft:birch_stairs":19},"minecraft:picked_up":{"minecraft:splash_potion":3,"minecraft:potion":3,"minecraft:item_frame":4,"minecraft:netherite_sword":2,"minecraft:birch_trapdoor":1,"minecraft:lightning_rod":1,"minecraft:stone_button":4,"minecraft:trident":1,"minecraft:redstone":2,"minecraft:rotten_flesh":7,"minecraft:feather":2,"minecraft:iron_door":1,"minecraft:leather":1,"minecraft:filled_map":3,"minecraft:gunpowder":3,"minecraft:wheat_seeds":8,"minecraft:iron_ingot":4,"minecraft:dandelion":1,"minecraft:gravel":2,"minecraft:gray_banner":1,"minecraft:birch_sign":4,"minecraft:light_gray_carpet":4},"minecraft:crafted":{"minecraft:leather_leggings":1,"minecraft:leather_boots":1,"minecraft:leather_chestplate":1,"minecraft:firework_rocket":12},"minecraft:custom":{"minecraft:mob_kills":16,"minecraft:interact_with_anvil":8,"minecraft:interact_with_crafting_table":4,"minecraft:open_barrel":1,"minecraft:fill_cauldron":12,"minecraft:eat_cake_slice":7,"minecraft:leave_game":11,"minecraft:time_since_death":934445,"minecraft:climb_one_cm":14,"minecraft:sprint_one_cm":369253,"minecraft:walk_one_cm":1585993,"minecraft:drop":7,"minecraft:talked_to_villager":1,"minecraft:play_time":934445,"minecraft:sneak_time":11982,"minecraft:walk_under_water_one_cm":1609,"minecraft:jump":2213,"minecraft:interact_with_brewingstand":2,"minecraft:walk_on_water_one_cm":28,"minecraft:total_world_time":934445,"minecraft:tune_noteblock":7,"minecraft:interact_with_grindstone":1,"minecraft:time_since_rest":934445,"minecraft:damage_dealt":5145,"minecraft:swim_one_cm":130,"minecraft:fly_one_cm":2418212,"minecraft:open_chest":6,"minecraft:crouch_one_cm":5486,"minecraft:aviate_one_cm":3126674},"minecraft:killed":{"minecraft:horse":1,"minecraft:skeleton":1,"minecraft:warden":1,"minecraft:husk":8,"minecraft:parrot":1,"minecraft:creeper":3},"minecraft:dropped":{"minecraft:grass_block":1,"minecraft:gravel":2,"minecraft:lightning_rod":1,"minecraft:trident":1,"minecraft:birch_trapdoor":1,"minecraft:firework_rocket":1}},"DataVersion":3105}