{"stats":{"minecraft:used":{"minecraft:glass":6,"minecraft:light":12,"minecraft:bricks":127,"minecraft:red_tulip":1,"minecraft:light_gray_concrete":2,"minecraft:grass_block":24,"minecraft:smooth_sandstone":8,"minecraft:oak_sign":1,"minecraft:spruce_planks":1,"minecraft:iron_door":3,"minecraft:waxed_weathered_cut_copper":5,"minecraft:stone_bricks":1,"minecraft:smooth_quartz_stairs":6,"minecraft:jungle_sign":3,"minecraft:dirt":21,"minecraft:bow":4,"minecraft:yellow_concrete":38,"minecraft:glass_pane":2,"minecraft:gray_concrete":17,"minecraft:white_concrete":436,"minecraft:tuff":2,"minecraft:deepslate_brick_stairs":4,"minecraft:polished_diorite":18,"minecraft:dark_oak_door":2},"minecraft:picked_up":{"minecraft:azure_bluet":1,"minecraft:iron_door":2,"minecraft:torch":1,"minecraft:cake":1,"minecraft:light":1,"minecraft:iron_axe":1,"minecraft:item_frame":2,"minecraft:glass_pane":1,"minecraft:wheat_seeds":2,"minecraft:bucket":1,"minecraft:iron_bars":1,"minecraft:skeleton_skull":3},"minecraft:custom":{"minecraft:time_since_rest":340523,"minecraft:sprint_one_cm":3926,"minecraft:walk_one_cm":753243,"minecraft:trigger_trapped_chest":4,"minecraft:drop":24,"minecraft:fly_one_cm":1159047,"minecraft:open_chest":1,"minecraft:crouch_one_cm":4032,"minecraft:play_time":340523,"minecraft:sneak_time":3388,"minecraft:jump":485,"minecraft:leave_game":10,"minecraft:time_since_death":340523,"minecraft:total_world_time":340523},"minecraft:dropped":{"minecraft:dark_oak_door":1,"minecraft:bricks":2,"minecraft:gray_concrete":1,"minecraft:deepslate_brick_stairs":1,"minecraft:torch":1,"minecraft:skeleton_skull":3,"minecraft:smooth_quartz_stairs":1,"minecraft:white_concrete":2,"minecraft:cake":1,"minecraft:tuff":1,"minecraft:yellow_concrete":2,"minecraft:iron_door":1,"minecraft:glass":1,"minecraft:light_gray_concrete":1,"minecraft:smooth_sandstone":1,"minecraft:glass_pane":1,"minecraft:item_frame":2,"minecraft:light":1}},"DataVersion":3105}