{"stats":{"minecraft:used":{"minecraft:mangrove_planks":1,"minecraft:smooth_sandstone":15,"minecraft:diorite":5,"minecraft:bricks":3,"minecraft:sand":1},"minecraft:custom":{"minecraft:jump":58,"minecraft:time_since_rest":90512,"minecraft:crouch_one_cm":126,"minecraft:sprint_one_cm":377,"minecraft:leave_game":7,"minecraft:play_time":90512,"minecraft:time_since_death":90512,"minecraft:walk_one_cm":152138,"minecraft:sneak_time":388,"minecraft:total_world_time":90512,"minecraft:drop":1,"minecraft:fly_one_cm":158823},"minecraft:dropped":{"minecraft:bricks":1},"minecraft:picked_up":{"minecraft:bricks":1}},"DataVersion":3105}