{"stats":{"minecraft:killed":{"minecraft:zombified_piglin":5,"minecraft:silverfish":5,"minecraft:zombie":1,"minecraft:enderman":3},"minecraft:custom":{"minecraft:mob_kills":15,"minecraft:interact_with_anvil":2,"minecraft:open_shulker_box":1,"minecraft:leave_game":8,"minecraft:time_since_death":557755,"minecraft:climb_one_cm":21631,"minecraft:sprint_one_cm":389730,"minecraft:walk_one_cm":1310173,"minecraft:drop":187,"minecraft:play_time":661538,"minecraft:deaths":2,"minecraft:sneak_time":19799,"minecraft:walk_under_water_one_cm":3932,"minecraft:jump":3475,"minecraft:walk_on_water_one_cm":4787,"minecraft:total_world_time":661538,"minecraft:time_since_rest":557880,"minecraft:damage_taken":30,"minecraft:minecart_one_cm":3495,"minecraft:damage_dealt":3696,"minecraft:swim_one_cm":3097,"minecraft:fly_one_cm":2482074,"minecraft:open_chest":3,"minecraft:crouch_one_cm":35001,"minecraft:aviate_one_cm":1155785,"minecraft:fall_one_cm":1244},"minecraft:dropped":{"minecraft:piston":1,"minecraft:wheat_seeds":4,"minecraft:oak_pressure_plate":2,"minecraft:oak_log":1,"minecraft:glow_ink_sac":1,"minecraft:tnt":2,"minecraft:ender_pearl":1,"minecraft:waxed_oxidized_cut_copper_stairs":1,"minecraft:netherite_chestplate":2,"minecraft:netherite_helmet":1,"minecraft:oak_fence":1,"minecraft:yellow_terracotta":1,"minecraft:cobblestone":11,"minecraft:elytra":4,"minecraft:grass_block":4,"minecraft:yellow_carpet":1,"minecraft:item_frame":2,"minecraft:dirt":2,"minecraft:gray_concrete":4,"minecraft:gray_wool":1,"minecraft:milk_bucket":1,"minecraft:white_concrete":3,"minecraft:smooth_quartz":1,"minecraft:netherite_boots":1,"minecraft:map":1,"minecraft:fire_charge":2,"minecraft:oak_stairs":1,"minecraft:gold_nugget":1,"minecraft:fishing_rod":1,"minecraft:blue_carpet":1,"minecraft:redstone_block":3,"minecraft:oak_door":1,"minecraft:polished_diorite":1,"minecraft:red_concrete":1,"minecraft:bricks":6,"minecraft:silverfish_spawn_egg":1,"minecraft:stone_sword":1,"minecraft:netherite_sword":1,"minecraft:birch_sapling":4,"minecraft:rotten_flesh":2,"minecraft:villager_spawn_egg":1,"minecraft:light_blue_concrete":1,"minecraft:warped_door":2,"minecraft:oak_sign":2,"minecraft:glass_pane":4,"minecraft:netherite_leggings":1,"minecraft:light":258,"minecraft:filled_map":11,"minecraft:turtle_helmet":1,"minecraft:stone":1,"minecraft:mud_bricks":4,"minecraft:skeleton_skull":4,"minecraft:birch_door":1,"minecraft:golden_sword":1,"minecraft:stone_bricks":1,"minecraft:painting":1,"minecraft:iron_bars":1,"minecraft:glass":2,"minecraft:splash_potion":5,"minecraft:firework_rocket":5},"minecraft:picked_up":{"minecraft:azure_bluet":4,"minecraft:redstone_block":2,"minecraft:splash_potion":1,"minecraft:turtle_helmet":1,"minecraft:light":67,"minecraft:golden_sword":6,"minecraft:elytra":2,"minecraft:item_frame":2,"minecraft:oak_sign":2,"minecraft:glass_pane":4,"minecraft:gold_nugget":10,"minecraft:birch_sapling":4,"minecraft:stone":3,"minecraft:oak_fence":1,"minecraft:spruce_stairs":2,"minecraft:stone_button":1,"minecraft:rotten_flesh":7,"minecraft:yellow_terracotta":1,"minecraft:saddle":1,"minecraft:mangrove_door":1,"minecraft:netherite_chestplate":1,"minecraft:skeleton_skull":3,"minecraft:rail":9,"minecraft:cobblestone":22,"minecraft:netherite_boots":1,"minecraft:mud_bricks":4,"minecraft:netherite_leggings":1,"minecraft:gray_concrete":4,"minecraft:dirt":35,"minecraft:glass":2,"minecraft:wheat_seeds":7,"minecraft:scaffolding":15,"minecraft:oak_pressure_plate":1,"minecraft:grass_block":5,"minecraft:light_gray_concrete":1,"minecraft:firework_rocket":6,"minecraft:netherite_helmet":1,"minecraft:white_concrete":1,"minecraft:gray_wool":1,"minecraft:spruce_button":1,"minecraft:bricks":6,"minecraft:ender_pearl":1},"minecraft:used":{"minecraft:oak_fence":79,"minecraft:oak_trapdoor":3,"minecraft:netherite_sword":12,"minecraft:iron_bars":98,"minecraft:stone_sword":65,"minecraft:red_concrete":37,"minecraft:polished_blackstone":1,"minecraft:elytra":2,"minecraft:oak_sign":8,"minecraft:silverfish_spawn_egg":176,"minecraft:stone":58,"minecraft:zombie_spawn_egg":2,"minecraft:oak_door":1,"minecraft:dirt":14,"minecraft:anvil":1,"minecraft:spruce_stairs":18,"minecraft:warped_door":12,"minecraft:yellow_carpet":7,"minecraft:mud_brick_stairs":14,"minecraft:milk_bucket":9,"minecraft:polished_diorite":178,"minecraft:polished_deepslate_stairs":30,"minecraft:warden_spawn_egg":1,"minecraft:birch_door":17,"minecraft:glass":49,"minecraft:lava_bucket":7,"minecraft:bricks":680,"minecraft:villager_spawn_egg":16,"minecraft:grass_block":54,"minecraft:oak_stairs":81,"minecraft:spruce_button":7,"minecraft:acacia_slab":10,"minecraft:dark_oak_leaves":16,"minecraft:smooth_quartz":213,"minecraft:mud_bricks":1735,"minecraft:stone_bricks":1,"minecraft:item_frame":55,"minecraft:tripwire_hook":1,"minecraft:birch_button":5,"minecraft:golden_sword":172,"minecraft:minecart":10,"minecraft:skeleton_skull":8,"minecraft:zombified_piglin_spawn_egg":5,"minecraft:stripped_spruce_wood":1,"minecraft:water_bucket":9,"minecraft:damaged_anvil":1,"minecraft:warped_fungus_on_a_stick":8,"minecraft:mud_brick_slab":74,"minecraft:blackstone":1,"minecraft:ender_pearl":15,"minecraft:cut_sandstone":9,"minecraft:black_glazed_terracotta":1,"minecraft:redstone_block":28,"minecraft:blue_bed":4,"minecraft:glow_ink_sac":7,"minecraft:horse_spawn_egg":2,"minecraft:polished_blackstone_bricks":86,"minecraft:polished_deepslate_slab":41,"minecraft:sand":1,"minecraft:rail":10,"minecraft:yellow_terracotta":2,"minecraft:light_blue_concrete":11,"minecraft:tnt":74,"minecraft:light_blue_wool":5,"minecraft:gray_concrete":640,"minecraft:painting":30,"minecraft:smooth_red_sandstone_stairs":18,"minecraft:dark_oak_door":17,"minecraft:oak_log":7,"minecraft:piston":87,"minecraft:light":121,"minecraft:black_concrete":1,"minecraft:firework_rocket":645,"minecraft:mangrove_door":1,"minecraft:light_gray_concrete":6,"minecraft:barrier":23,"minecraft:map":11,"minecraft:spruce_trapdoor":1,"minecraft:oak_pressure_plate":59,"minecraft:iron_door":2,"minecraft:blue_carpet":1,"minecraft:fishing_rod":96,"minecraft:fire_charge":44,"minecraft:cobbled_deepslate_slab":783,"minecraft:smithing_table":1,"minecraft:waxed_oxidized_cut_copper_stairs":22,"minecraft:bucket":3,"minecraft:glass_pane":204,"minecraft:white_concrete":864,"minecraft:gray_wool":92,"minecraft:splash_potion":388},"minecraft:mined":{"minecraft:mangrove_door":1,"minecraft:grass_block":2,"minecraft:tall_grass":5,"minecraft:grass":12,"minecraft:dirt":2}},"DataVersion":3105}