{"stats":{"minecraft:used":{"minecraft:oak_fence":36,"minecraft:polished_blackstone_brick_slab":19,"minecraft:iron_bars":754,"minecraft:enchanting_table":1,"minecraft:flint_and_steel":6,"minecraft:smooth_quartz_slab":3,"minecraft:armor_stand":104,"minecraft:dispenser":12,"minecraft:spruce_slab":3,"minecraft:redstone":21,"minecraft:oak_sign":3,"minecraft:elytra":1,"minecraft:light_gray_carpet":65,"minecraft:green_banner":2,"minecraft:spruce_planks":46,"minecraft:stone":224,"minecraft:stripped_birch_wood":31,"minecraft:dried_kelp_block":81,"minecraft:green_terracotta":29,"minecraft:cut_copper_stairs":1,"minecraft:oak_door":2,"minecraft:torch":16,"minecraft:end_stone_brick_wall":11,"minecraft:target":1,"minecraft:dirt":528,"minecraft:birch_pressure_plate":5,"minecraft:red_nether_brick_slab":14,"minecraft:hopper":11,"minecraft:spruce_stairs":23,"minecraft:brick_slab":2,"minecraft:jungle_planks":1,"minecraft:cobblestone_wall":26,"minecraft:deepslate_tile_slab":2,"minecraft:stone_stairs":1,"minecraft:warped_door":7,"minecraft:acacia_sapling":2,"minecraft:spruce_fence":9,"minecraft:mud_brick_stairs":116,"minecraft:polished_diorite":462,"minecraft:birch_door":23,"minecraft:jungle_sapling":7,"minecraft:glass":118,"minecraft:bricks":1995,"minecraft:quartz_pillar":3,"minecraft:music_disc_pigstep":50,"minecraft:quartz_slab":1055,"minecraft:waxed_cut_copper":166,"minecraft:grass_block":240,"minecraft:oak_stairs":36,"minecraft:rooted_dirt":170,"minecraft:brick_stairs":17,"minecraft:birch_sapling":3,"minecraft:smooth_sandstone":39,"minecraft:polished_andesite_stairs":7,"minecraft:smooth_quartz":415,"minecraft:mud_bricks":1062,"minecraft:stone_bricks":11,"minecraft:item_frame":25,"minecraft:bedrock":40,"minecraft:light_gray_wool":210,"minecraft:tripwire_hook":8,"minecraft:reinforced_deepslate":14,"minecraft:repeater":3,"minecraft:raw_copper_block":25,"minecraft:bow":134,"minecraft:infested_cracked_stone_bricks":3,"minecraft:mangrove_roots":3,"minecraft:white_stained_glass_pane":13,"minecraft:podzol":64,"minecraft:minecart":1,"minecraft:stone_pressure_plate":10,"minecraft:dragon_head":2,"minecraft:polished_blackstone_stairs":5,"minecraft:observer":4,"minecraft:pumpkin":2,"minecraft:dark_oak_sapling":6,"minecraft:end_rod":1,"minecraft:end_stone_bricks":22,"minecraft:dirt_path":47,"minecraft:brick_wall":79,"minecraft:spruce_door":5,"minecraft:snow_block":2,"minecraft:birch_planks":17,"minecraft:stripped_birch_log":42,"minecraft:infested_stone":2,"minecraft:polished_andesite":78,"minecraft:mud_brick_slab":162,"minecraft:redstone_block":37,"minecraft:end_stone_brick_slab":26,"minecraft:diamond_axe":3,"minecraft:stonecutter":1,"minecraft:deepslate_bricks":18,"minecraft:polished_blackstone_bricks":162,"minecraft:polished_blackstone_pressure_plate":3,"minecraft:dark_oak_trapdoor":127,"minecraft:sand":121,"minecraft:rail":1,"minecraft:light_blue_concrete":88,"minecraft:tnt":56,"minecraft:loom":4,"minecraft:gray_concrete":7,"minecraft:painting":58,"minecraft:cobbled_deepslate_stairs":106,"minecraft:deepslate_brick_stairs":2,"minecraft:dark_oak_door":5,"minecraft:redstone_torch":3,"minecraft:sticky_piston":8,"minecraft:mud":1,"minecraft:piston":13,"minecraft:light":101,"minecraft:firework_rocket":1157,"minecraft:black_wool":6,"minecraft:mangrove_door":33,"minecraft:waxed_exposed_cut_copper_stairs":1,"minecraft:daylight_detector":1,"minecraft:acacia_door":13,"minecraft:light_gray_concrete":5,"minecraft:heavy_weighted_pressure_plate":6,"minecraft:barrier":37,"minecraft:stone_button":3,"minecraft:jungle_stairs":88,"minecraft:polished_granite":32,"minecraft:oak_pressure_plate":31,"minecraft:iron_door":41,"minecraft:spruce_sapling":7,"minecraft:cat_spawn_egg":3,"minecraft:cobbled_deepslate_slab":1583,"minecraft:stripped_oak_wood":4,"minecraft:grindstone":1,"minecraft:smithing_table":1,"minecraft:waxed_oxidized_cut_copper_stairs":18,"minecraft:jungle_door":16,"minecraft:andesite":62,"minecraft:chain":8,"minecraft:glass_pane":505,"minecraft:smooth_stone_slab":346,"minecraft:waxed_cut_copper_stairs":22,"minecraft:gray_wool":56,"minecraft:white_concrete":1309,"minecraft:coarse_dirt":698,"minecraft:bone_meal":342,"minecraft:splash_potion":20,"minecraft:birch_stairs":31},"minecraft:picked_up":{"minecraft:birch_door":2,"minecraft:splash_potion":1,"minecraft:redstone_block":1,"minecraft:potion":1,"minecraft:light":67,"minecraft:heavy_weighted_pressure_plate":3,"minecraft:polished_deepslate":1,"minecraft:acacia_door":1,"minecraft:armor_stand":2,"minecraft:item_frame":5,"minecraft:glass_pane":1,"minecraft:cobbled_deepslate":1,"minecraft:jungle_sapling":106,"minecraft:poppy":1,"minecraft:birch_sapling":47,"minecraft:piston":1,"minecraft:dark_oak_door":1,"minecraft:jungle_door":5,"minecraft:oak_door":1,"minecraft:oak_fence":1,"minecraft:target":1,"minecraft:stone_button":1,"minecraft:music_disc_pigstep":50,"minecraft:redstone":2,"minecraft:warped_door":1,"minecraft:tnt":1,"minecraft:waxed_oxidized_cut_copper_stairs":1,"minecraft:cyan_terracotta":17,"minecraft:mangrove_door":4,"minecraft:iron_bars":1,"minecraft:iron_door":5,"minecraft:filled_map":2,"minecraft:dirt":32,"minecraft:wheat_seeds":15,"minecraft:dandelion":3,"minecraft:oak_pressure_plate":2,"minecraft:birch_stairs":1,"minecraft:spruce_sapling":55,"minecraft:spruce_door":2,"minecraft:deepslate":1,"minecraft:oak_button":1,"minecraft:rooted_dirt":1,"minecraft:oak_sapling":50,"minecraft:light_gray_carpet":6,"minecraft:bricks":3,"minecraft:hopper":1},"minecraft:custom":{"minecraft:mob_kills":2,"minecraft:inspect_hopper":2,"minecraft:leave_game":10,"minecraft:time_since_death":926723,"minecraft:sprint_one_cm":400306,"minecraft:walk_one_cm":2608109,"minecraft:drop":914,"minecraft:target_hit":50,"minecraft:play_time":926723,"minecraft:sneak_time":10694,"minecraft:walk_under_water_one_cm":2797,"minecraft:jump":1583,"minecraft:walk_on_water_one_cm":327,"minecraft:total_world_time":926723,"minecraft:play_record":50,"minecraft:interact_with_loom":2,"minecraft:interact_with_grindstone":1,"minecraft:time_since_rest":926723,"minecraft:damage_dealt":200,"minecraft:fly_one_cm":2980873,"minecraft:open_chest":1,"minecraft:crouch_one_cm":12268,"minecraft:aviate_one_cm":4532615,"minecraft:inspect_dispenser":13},"minecraft:killed":{"minecraft:cat":2},"minecraft:dropped":{"minecraft:piston":2,"minecraft:birch_planks":1,"minecraft:black_dye":64,"minecraft:oak_pressure_plate":2,"minecraft:tnt":2,"minecraft:loom":64,"minecraft:dark_oak_sapling":64,"minecraft:stripped_birch_wood":1,"minecraft:end_stone_brick_slab":1,"minecraft:oak_fence":1,"minecraft:yellow_terracotta":1,"minecraft:lantern":64,"minecraft:rooted_dirt":1,"minecraft:music_disc_pigstep":22,"minecraft:quartz_pillar":1,"minecraft:bedrock":1,"minecraft:grass_block":2,"minecraft:rail":1,"minecraft:cyan_terracotta":17,"minecraft:dried_kelp_block":1,"minecraft:dirt":4,"minecraft:gray_concrete":1,"minecraft:gray_wool":2,"minecraft:dispenser":64,"minecraft:white_concrete":1,"minecraft:iron_door":2,"minecraft:jungle_door":3,"minecraft:potion":1,"minecraft:stripped_birch_log":1,"minecraft:chain":1,"minecraft:jungle_sapling":171,"minecraft:bone_meal":1,"minecraft:white_banner":16,"minecraft:stripped_oak_wood":1,"minecraft:smooth_sandstone":1,"minecraft:birch_stairs":1,"minecraft:spruce_sapling":119,"minecraft:redstone_block":65,"minecraft:polished_diorite":1,"minecraft:bricks":3,"minecraft:dragon_head":1,"minecraft:coarse_dirt":2,"minecraft:cobbled_deepslate":1,"minecraft:smooth_stone_slab":2,"minecraft:deepslate":1,"minecraft:birch_sapling":111,"minecraft:birch_pressure_plate":1,"minecraft:oak_planks":1,"minecraft:mangrove_door":1,"minecraft:light_gray_carpet":7,"minecraft:green_banner":1,"minecraft:light_gray_concrete":2,"minecraft:dirt_path":1,"minecraft:warped_door":64,"minecraft:oak_sign":1,"minecraft:glass_pane":3,"minecraft:light":5,"minecraft:filled_map":1,"minecraft:stone":1,"minecraft:mud_bricks":2,"minecraft:flower_pot":1,"minecraft:heavy_weighted_pressure_plate":1,"minecraft:spruce_planks":1,"minecraft:hopper":1,"minecraft:oak_sapling":114,"minecraft:birch_door":4,"minecraft:stone_pressure_plate":2,"minecraft:stone_bricks":2,"minecraft:white_dye":64,"minecraft:spruce_slab":1,"minecraft:iron_bars":2,"minecraft:end_stone_bricks":1,"minecraft:glass":1,"minecraft:splash_potion":2,"minecraft:black_wool":1,"minecraft:firework_rocket":65}},"DataVersion":3105}