{"stats":{"minecraft:used":{"minecraft:oak_fence":66,"minecraft:netherite_sword":3,"minecraft:damaged_anvil":2,"minecraft:iron_bars":6,"minecraft:flint_and_steel":29,"minecraft:dirt_path":1,"minecraft:brick_wall":4,"minecraft:spruce_door":4,"minecraft:wither_skeleton_skull":7,"minecraft:birch_planks":435,"minecraft:smooth_quartz_slab":10,"minecraft:armor_stand":1,"minecraft:red_concrete":109,"minecraft:spruce_slab":4,"minecraft:redstone":112,"minecraft:light_gray_carpet":263,"minecraft:mud_brick_slab":5,"minecraft:mangrove_fence_gate":4,"minecraft:oak_sign":6,"minecraft:spruce_planks":6,"minecraft:stone":14,"minecraft:redstone_block":10,"minecraft:sculk":39,"minecraft:cauldron":2,"minecraft:warped_sign":2,"minecraft:blue_bed":8,"minecraft:glow_ink_sac":3,"minecraft:smooth_sandstone_stairs":1,"minecraft:oak_door":25,"minecraft:golden_apple":1,"minecraft:polished_blackstone_pressure_plate":2,"minecraft:diamond_block":59,"minecraft:blue_dye":2,"minecraft:dirt":28,"minecraft:light_blue_concrete":78,"minecraft:cut_sandstone_slab":1,"minecraft:tnt":248,"minecraft:loom":15,"minecraft:nether_quartz_ore":3,"minecraft:brick_slab":3,"minecraft:nether_bricks":1,"minecraft:black_banner":10,"minecraft:yellow_carpet":2,"minecraft:skeleton_horse_spawn_egg":2,"minecraft:painting":26,"minecraft:weeping_vines":7,"minecraft:obsidian":2,"minecraft:nether_gold_ore":8,"minecraft:milk_bucket":5,"minecraft:polished_diorite":325,"minecraft:redstone_torch":15,"minecraft:birch_door":13,"minecraft:sticky_piston":24,"minecraft:glass":112,"minecraft:piston":9,"minecraft:light":120,"minecraft:lever":8,"minecraft:flower_pot":10,"minecraft:lava_bucket":1,"minecraft:daylight_detector":1,"minecraft:bricks":1376,"minecraft:villager_spawn_egg":14,"minecraft:bookshelf":49,"minecraft:acacia_door":3,"minecraft:mangrove_door":2,"minecraft:light_gray_concrete":10,"minecraft:quartz_slab":120,"minecraft:heavy_weighted_pressure_plate":2,"minecraft:grass_block":1,"minecraft:oak_stairs":4,"minecraft:jungle_log":1,"minecraft:brick_stairs":11,"minecraft:barrier":24,"minecraft:smooth_sandstone":474,"minecraft:stone_button":1,"minecraft:netherite_axe":6,"minecraft:dark_oak_slab":11,"minecraft:spruce_trapdoor":1,"minecraft:oak_pressure_plate":64,"minecraft:deepslate":370,"minecraft:mud_bricks":280,"minecraft:crimson_nylium":8,"minecraft:stone_bricks":4,"minecraft:item_frame":42,"minecraft:birch_trapdoor":2,"minecraft:repeater":30,"minecraft:nether_wart_block":3,"minecraft:cobbled_deepslate_slab":1163,"minecraft:black_dye":1,"minecraft:white_banner":5,"minecraft:stripped_oak_wood":6,"minecraft:jungle_door":8,"minecraft:chain":2,"minecraft:wither_rose":2,"minecraft:waxed_cut_copper_stairs":29,"minecraft:white_concrete":1423,"minecraft:red_dye":1,"minecraft:observer":33,"minecraft:sculk_vein":1,"minecraft:sculk_catalyst":11,"minecraft:splash_potion":627,"minecraft:experience_bottle":64,"minecraft:pointed_dripstone":9},"minecraft:picked_up":{"minecraft:item_frame":2,"minecraft:shroomlight":1,"minecraft:wheat_seeds":2,"minecraft:cobbled_deepslate":6,"minecraft:redstone_torch":2,"minecraft:raw_iron":5,"minecraft:jungle_door":4,"minecraft:oak_door":1,"minecraft:pointed_dripstone":1,"minecraft:grass_block":1,"minecraft:redstone":1,"minecraft:warped_door":1,"minecraft:yellow_carpet":489,"minecraft:rotten_flesh":3,"minecraft:lever":1,"minecraft:light_gray_carpet":1,"minecraft:cobblestone":574},"minecraft:custom":{"minecraft:mob_kills":328,"minecraft:interact_with_anvil":3,"minecraft:fill_cauldron":1,"minecraft:interact_with_loom":3,"minecraft:pot_flower":6,"minecraft:leave_game":12,"minecraft:time_since_death":596256,"minecraft:time_since_rest":596256,"minecraft:sprint_one_cm":196269,"minecraft:walk_one_cm":820340,"minecraft:drop":1,"minecraft:damage_dealt":996,"minecraft:talked_to_villager":5,"minecraft:fly_one_cm":1303089,"minecraft:crouch_one_cm":9284,"minecraft:play_time":596256,"minecraft:sneak_time":6443,"minecraft:boat_one_cm":28956,"minecraft:jump":952,"minecraft:total_world_time":596256},"minecraft:killed":{"minecraft:husk":1,"minecraft:zombie_villager":307,"minecraft:villager":7},"minecraft:dropped":{"minecraft:rotten_flesh":4}},"DataVersion":3105}