{"stats":{"minecraft:crafted":{"minecraft:iron_boots":2,"minecraft:iron_helmet":2,"minecraft:air":0,"minecraft:iron_chestplate":2,"minecraft:iron_ingot":24,"minecraft:iron_leggings":2,"minecraft:firework_rocket":6},"minecraft:used":{"minecraft:stripped_acacia_wood":1,"minecraft:nether_brick_fence":13,"minecraft:trident":95,"minecraft:netherite_sword":7,"minecraft:jungle_leaves":352,"minecraft:red_sand":1,"minecraft:flint_and_steel":51,"minecraft:carved_pumpkin":2,"minecraft:spruce_slab":15,"minecraft:zombie_villager_spawn_egg":6,"minecraft:chest":3,"minecraft:stone":32,"minecraft:sculk":3,"minecraft:sculk_sensor":9,"minecraft:oak_door":1,"minecraft:spyglass":145,"minecraft:dirt":2,"minecraft:birch_pressure_plate":2,"minecraft:anvil":2,"minecraft:lily_of_the_valley":2,"minecraft:skeleton_spawn_egg":2,"minecraft:stone_stairs":6,"minecraft:warped_door":1,"minecraft:yellow_carpet":14,"minecraft:glow_lichen":8,"minecraft:allay_spawn_egg":2,"minecraft:azure_bluet":11,"minecraft:obsidian":8,"minecraft:honey_bottle":4,"minecraft:andesite_wall":25,"minecraft:warden_spawn_egg":1,"minecraft:birch_door":67,"minecraft:shroomlight":16,"minecraft:glass":50,"minecraft:lava_bucket":4,"minecraft:bricks":28,"minecraft:quartz_slab":87,"minecraft:iron_block":4,"minecraft:grass_block":100,"minecraft:slime_block":4,"minecraft:warped_fence":90,"minecraft:smooth_sandstone":1076,"minecraft:iron_helmet":1,"minecraft:gray_concrete_powder":237,"minecraft:iron_boots":1,"minecraft:item_frame":104,"minecraft:birch_trapdoor":83,"minecraft:golden_carrot":6,"minecraft:warped_stairs":13,"minecraft:iron_trapdoor":4,"minecraft:minecart":1,"minecraft:large_fern":1,"minecraft:mangrove_leaves":10,"minecraft:water_bucket":1,"minecraft:brick_wall":2,"minecraft:snow_block":2,"minecraft:infested_stone":25,"minecraft:powered_rail":50,"minecraft:mangrove_planks":22,"minecraft:andesite_slab":12,"minecraft:sandstone":2,"minecraft:composter":2,"minecraft:cauldron":17,"minecraft:glow_ink_sac":9,"minecraft:spruce_fence_gate":3,"minecraft:sand":995,"minecraft:rail":6,"minecraft:mangrove_trapdoor":3,"minecraft:light_blue_concrete":22,"minecraft:oak_slab":18,"minecraft:crafting_table":5,"minecraft:crimson_trapdoor":13,"minecraft:birch_sign":2,"minecraft:yellow_concrete":2090,"minecraft:campfire":3,"minecraft:gray_concrete":20,"minecraft:painting":240,"minecraft:mangrove_sign":12,"minecraft:infested_stone_bricks":197,"minecraft:dark_oak_door":1,"minecraft:birch_fence":1,"minecraft:lever":3,"minecraft:light":15,"minecraft:black_concrete":1,"minecraft:firework_rocket":56,"minecraft:mangrove_door":80,"minecraft:light_gray_concrete":1,"minecraft:mangrove_propagule":1,"minecraft:stone_button":4,"minecraft:pig_spawn_egg":58,"minecraft:map":10,"minecraft:spruce_trapdoor":6,"minecraft:iron_door":1,"minecraft:flowering_azalea_leaves":9,"minecraft:pufferfish":2,"minecraft:crimson_fungus":1,"minecraft:potion":1,"minecraft:azalea_leaves":116,"minecraft:cobbled_deepslate_slab":12,"minecraft:andesite":28,"minecraft:warped_fence_gate":1,"minecraft:andesite_stairs":11,"minecraft:chain":5,"minecraft:glass_pane":297,"minecraft:white_concrete":1084,"minecraft:gray_wool":64,"minecraft:sculk_vein":9,"minecraft:sculk_catalyst":2,"minecraft:bone_meal":27,"minecraft:splash_potion":2},"minecraft:picked_up":{"minecraft:birch_door":1,"minecraft:light":1,"minecraft:moss_carpet":1,"minecraft:item_frame":14,"minecraft:compass":1,"minecraft:glass_pane":1,"minecraft:netherite_sword":2,"minecraft:smooth_quartz_stairs":1,"minecraft:egg":4,"minecraft:recovery_compass":1,"minecraft:cake":1,"minecraft:stone_button":1,"minecraft:redstone":1,"minecraft:mangrove_door":5,"minecraft:cooked_beef":1,"minecraft:iron_door":1,"minecraft:filled_map":7,"minecraft:yellow_bed":9,"minecraft:map":63,"minecraft:birch_pressure_plate":2,"minecraft:smooth_sandstone":1,"minecraft:bone":2,"minecraft:wheat_seeds":44,"minecraft:sculk_catalyst":1,"minecraft:yellow_concrete":1,"minecraft:spyglass":2,"minecraft:light_gray_concrete":1,"minecraft:firework_rocket":1,"minecraft:yellow_carpet":1,"minecraft:painting":2,"minecraft:birch_sign":2,"minecraft:white_concrete":1,"minecraft:bricks":1},"minecraft:killed":{"minecraft:zombie_villager":1},"minecraft:custom":{"minecraft:interact_with_anvil":6,"minecraft:mob_kills":1,"minecraft:interact_with_crafting_table":8,"minecraft:open_barrel":1,"minecraft:interact_with_campfire":8,"minecraft:eat_cake_slice":10,"minecraft:leave_game":23,"minecraft:time_since_death":56827,"minecraft:climb_one_cm":1808,"minecraft:sprint_one_cm":256324,"minecraft:walk_one_cm":2467256,"minecraft:drop":41,"minecraft:talked_to_villager":3,"minecraft:play_time":985760,"minecraft:deaths":1,"minecraft:sneak_time":3184,"minecraft:jump":1712,"minecraft:interact_with_brewingstand":3,"minecraft:interact_with_blast_furnace":8,"minecraft:total_world_time":985760,"minecraft:interact_with_furnace":2,"minecraft:tune_noteblock":6,"minecraft:time_since_rest":56854,"minecraft:damage_taken":680,"minecraft:trigger_trapped_chest":9,"minecraft:damage_dealt":3314,"minecraft:minecart_one_cm":990,"minecraft:fly_one_cm":1181377,"minecraft:open_chest":41,"minecraft:crouch_one_cm":3805,"minecraft:aviate_one_cm":503278,"minecraft:fall_one_cm":7028},"minecraft:dropped":{"minecraft:wheat_seeds":28,"minecraft:glow_ink_sac":1,"minecraft:smooth_quartz_stairs":1,"minecraft:yellow_concrete":1,"minecraft:andesite_wall":1,"minecraft:yellow_carpet":1,"minecraft:item_frame":2,"minecraft:gray_wool":1,"minecraft:white_concrete":2,"minecraft:bone_meal":1,"minecraft:black_concrete":1,"minecraft:smooth_sandstone":1,"minecraft:cauldron":1,"minecraft:spyglass":1,"minecraft:netherite_sword":1,"minecraft:mangrove_door":3,"minecraft:light_gray_concrete":1,"minecraft:cobbled_deepslate_slab":1,"minecraft:light_blue_concrete":1,"minecraft:mangrove_sign":1,"minecraft:glass_pane":2,"minecraft:filled_map":1,"minecraft:stone":1,"minecraft:yellow_bed":6,"minecraft:stone_brick_wall":1,"minecraft:infested_stone":1,"minecraft:gray_concrete_powder":1,"minecraft:painting":3,"minecraft:spruce_slab":1,"minecraft:glass":1,"minecraft:firework_rocket":1}},"DataVersion":3105}