{"stats":{"minecraft:used":{"minecraft:rotten_flesh":2},"minecraft:picked_up":{"minecraft:redstone_block":1,"minecraft:iron_hoe":1,"minecraft:item_frame":48,"minecraft:iron_shovel":1,"minecraft:bone":2,"minecraft:stone_shovel":1,"minecraft:rotten_flesh":2,"minecraft:glow_item_frame":1,"minecraft:gold_nugget":10,"minecraft:yellow_stained_glass_pane":1,"minecraft:netherite_sword":7,"minecraft:filled_map":13,"minecraft:painting":33,"minecraft:cobweb":4,"minecraft:iron_nugget":2,"minecraft:hopper_minecart":1,"minecraft:minecart":3,"minecraft:iron_axe":1},"minecraft:killed":{"minecraft:axolotl":1,"minecraft:skeleton_horse":1,"minecraft:villager":6,"minecraft:zombie_horse":1},"minecraft:custom":{"minecraft:open_chest":2,"minecraft:time_since_rest":46420,"minecraft:crouch_one_cm":2221,"minecraft:play_time":46420,"minecraft:sprint_one_cm":43745,"minecraft:damage_taken":180,"minecraft:walk_one_cm":196667,"minecraft:sneak_time":1050,"minecraft:trigger_trapped_chest":7,"minecraft:mob_kills":9,"minecraft:drop":6,"minecraft:jump":721,"minecraft:minecart_one_cm":748,"minecraft:damage_dealt":1530,"minecraft:leave_game":1,"minecraft:time_since_death":46420,"minecraft:climb_one_cm":852,"minecraft:total_world_time":46420,"minecraft:interact_with_crafting_table":1,"minecraft:fall_one_cm":2475,"minecraft:fly_one_cm":77963,"minecraft:open_barrel":1},"minecraft:dropped":{"minecraft:gold_nugget":5,"minecraft:netherite_sword":1}},"DataVersion":3105}