{"stats":{"minecraft:picked_up":{"minecraft:glass":1,"minecraft:brick_wall":1,"minecraft:bricks":5},"minecraft:used":{"minecraft:glass":10,"minecraft:oak_door":1,"minecraft:cornflower":96,"minecraft:iron_bars":8,"minecraft:soul_sand":20,"minecraft:bricks":311,"minecraft:light_blue_concrete_powder":42,"minecraft:acacia_door":14,"minecraft:brick_wall":18,"minecraft:light_blue_concrete":421,"minecraft:infested_cracked_stone_bricks":41,"minecraft:light_gray_concrete":7,"minecraft:grass_block":1,"minecraft:white_stained_glass_pane":1,"minecraft:podzol":1,"minecraft:red_nether_bricks":1,"minecraft:smooth_sandstone":22,"minecraft:glass_pane":104,"minecraft:light_blue_terracotta":3,"minecraft:yellow_carpet":120,"minecraft:white_concrete":49,"minecraft:coarse_dirt":6,"minecraft:waxed_weathered_cut_copper":4,"minecraft:polished_diorite":122},"minecraft:custom":{"minecraft:time_since_rest":297990,"minecraft:crouch_one_cm":623,"minecraft:sprint_one_cm":803,"minecraft:play_time":297990,"minecraft:walk_one_cm":337656,"minecraft:sneak_time":1104,"minecraft:drop":7,"minecraft:jump":208,"minecraft:leave_game":5,"minecraft:time_since_death":297990,"minecraft:total_world_time":297990,"minecraft:fly_one_cm":435380},"minecraft:dropped":{"minecraft:bricks":5,"minecraft:brick_wall":1,"minecraft:glass":1}},"DataVersion":3105}