{"stats":{"minecraft:used":{"minecraft:azalea":6,"minecraft:moss_block":141,"minecraft:oak_trapdoor":6,"minecraft:netherite_sword":10,"minecraft:iron_bars":164,"minecraft:trader_llama_spawn_egg":3,"minecraft:light_gray_stained_glass_pane":12,"minecraft:dead_bush":23,"minecraft:smooth_quartz_slab":459,"minecraft:zombie_villager_spawn_egg":3,"minecraft:dead_tube_coral_fan":7,"minecraft:spruce_slab":22,"minecraft:dead_brain_coral":1,"minecraft:oak_sign":12,"minecraft:light_gray_carpet":20,"minecraft:spruce_planks":29,"minecraft:chest":14,"minecraft:stone":660,"minecraft:iron_sword":6,"minecraft:zombie_spawn_egg":1,"minecraft:red_nether_brick_stairs":34,"minecraft:warped_sign":11,"minecraft:quartz_stairs":30,"minecraft:mangrove_fence":10,"minecraft:grass":42,"minecraft:smooth_sandstone_stairs":3,"minecraft:spyglass":49,"minecraft:anvil":3,"minecraft:red_nether_brick_slab":39,"minecraft:white_carpet":33,"minecraft:brick_slab":22,"minecraft:orange_glazed_terracotta":7,"minecraft:spruce_stairs":80,"minecraft:cobblestone_wall":5,"minecraft:warped_door":16,"minecraft:stone_stairs":17,"minecraft:oak_wood":28,"minecraft:yellow_carpet":21,"minecraft:spruce_fence":86,"minecraft:mud_brick_stairs":115,"minecraft:milk_bucket":1,"minecraft:fern":38,"minecraft:polished_diorite":6,"minecraft:honey_bottle":4,"minecraft:birch_door":42,"minecraft:jungle_sapling":7,"minecraft:glass":10,"minecraft:music_disc_pigstep":1,"minecraft:bricks":1143,"minecraft:bookshelf":13,"minecraft:light_gray_stained_glass":1,"minecraft:villager_spawn_egg":16,"minecraft:black_stained_glass_pane":9,"minecraft:iron_axe":1,"minecraft:quartz_slab":612,"minecraft:red_wool":16,"minecraft:grass_block":730,"minecraft:rooted_dirt":20,"minecraft:brick_stairs":12,"minecraft:warped_fence":25,"minecraft:smooth_sandstone":7,"minecraft:green_wool":2,"minecraft:dark_oak_leaves":2,"minecraft:gray_concrete_powder":825,"minecraft:smooth_quartz":961,"minecraft:hopper_minecart":1,"minecraft:mud_bricks":941,"minecraft:prismarine_slab":6,"minecraft:stone_brick_stairs":16,"minecraft:stone_bricks":470,"minecraft:item_frame":81,"minecraft:yellow_concrete_powder":6,"minecraft:tripwire_hook":9,"minecraft:red_stained_glass_pane":9,"minecraft:red_carpet":65,"minecraft:golden_carrot":7,"minecraft:snow":51,"minecraft:black_stained_glass":8,"minecraft:tall_grass":46,"minecraft:infested_cracked_stone_bricks":13,"minecraft:iron_trapdoor":14,"minecraft:oak_sapling":25,"minecraft:furnace":3,"minecraft:white_stained_glass_pane":10,"minecraft:podzol":24,"minecraft:minecart":1,"minecraft:stone_pressure_plate":2,"minecraft:end_stone_brick_stairs":17,"minecraft:observer":23,"minecraft:lime_glazed_terracotta":7,"minecraft:calcite":1,"minecraft:quartz_bricks":4,"minecraft:water_bucket":3,"minecraft:end_stone_bricks":99,"minecraft:dirt_path":22,"minecraft:cobblestone_stairs":4,"minecraft:light_blue_glazed_terracotta":7,"minecraft:sandstone_stairs":22,"minecraft:brick_wall":101,"minecraft:lodestone":1,"minecraft:stripped_birch_log":7,"minecraft:birch_leaves":273,"minecraft:gray_carpet":47,"minecraft:prismarine":4,"minecraft:red_nether_bricks":8,"minecraft:prismarine_stairs":15,"minecraft:blue_wool":4,"minecraft:lime_concrete_powder":6,"minecraft:sandstone":9,"minecraft:blue_concrete_powder":12,"minecraft:composter":5,"minecraft:spruce_sign":34,"minecraft:red_glazed_terracotta":7,"minecraft:cobblestone_slab":6,"minecraft:smooth_quartz_stairs":35,"minecraft:oak_leaves":315,"minecraft:glow_item_frame":4,"minecraft:light_gray_banner":3,"minecraft:orange_carpet":21,"minecraft:rail":4,"minecraft:loom":9,"minecraft:blast_furnace":3,"minecraft:birch_sign":26,"minecraft:yellow_stained_glass_pane":1,"minecraft:gray_concrete":19,"minecraft:painting":8,"minecraft:smooth_red_sandstone_stairs":15,"minecraft:cobbled_deepslate_stairs":11,"minecraft:redstone_torch":2,"minecraft:oak_log":9,"minecraft:mud":6,"minecraft:lever":39,"minecraft:flower_pot":3,"minecraft:light":16,"minecraft:black_wool":4,"minecraft:mangrove_door":1,"minecraft:acacia_sign":3,"minecraft:gray_stained_glass_pane":19,"minecraft:cyan_carpet":19,"minecraft:stone_button":51,"minecraft:string":29,"minecraft:barrier":78,"minecraft:netherite_axe":13,"minecraft:lectern":5,"minecraft:leather_helmet":1,"minecraft:stone_slab":3,"minecraft:spruce_trapdoor":22,"minecraft:oak_pressure_plate":13,"minecraft:iron_door":4,"minecraft:blue_carpet":7,"minecraft:smooth_red_sandstone_slab":23,"minecraft:coal_block":73,"minecraft:potion":1,"minecraft:cobbled_deepslate_slab":905,"minecraft:porkchop":1,"minecraft:red_concrete_powder":6,"minecraft:stripped_oak_wood":13,"minecraft:andesite":88,"minecraft:andesite_stairs":11,"minecraft:warped_fence_gate":10,"minecraft:red_banner":9,"minecraft:sandstone_slab":3,"minecraft:chain":10,"minecraft:glass_pane":178,"minecraft:smooth_stone_slab":71,"minecraft:white_concrete":368,"minecraft:husk_spawn_egg":3,"minecraft:coarse_dirt":273,"minecraft:gray_wool":793,"minecraft:smooth_stone":1,"minecraft:bone_meal":325,"minecraft:jukebox":1,"minecraft:birch_stairs":4,"minecraft:gray_stained_glass":23},"minecraft:picked_up":{"minecraft:birch_door":1,"minecraft:azure_bluet":2,"minecraft:chicken":2,"minecraft:creeper_head":1,"minecraft:lead":3,"minecraft:turtle_egg":2,"minecraft:potion":1,"minecraft:dragon_head":2,"minecraft:light":1,"minecraft:heavy_weighted_pressure_plate":1,"minecraft:cornflower":10,"minecraft:elytra":1,"minecraft:iron_axe":2,"minecraft:item_frame":5,"minecraft:glass_pane":1,"minecraft:beef":5,"minecraft:redstone_torch":1,"minecraft:poppy":6,"minecraft:egg":2,"minecraft:porkchop":1,"minecraft:stone_button":2,"minecraft:music_disc_pigstep":1,"minecraft:warped_door":1,"minecraft:goat_horn":2,"minecraft:honey_bottle":4,"minecraft:rotten_flesh":3,"minecraft:stripped_birch_wood":1,"minecraft:rail":1,"minecraft:skeleton_skull":2,"minecraft:oxeye_daisy":6,"minecraft:feather":2,"minecraft:clock":2,"minecraft:leather":1,"minecraft:golden_carrot":331,"minecraft:iron_door":1,"minecraft:filled_map":1,"minecraft:yellow_bed":1,"minecraft:wither_skeleton_skull":2,"minecraft:birch_pressure_plate":1,"minecraft:red_carpet":1,"minecraft:stone_bricks":1,"minecraft:wheat_seeds":60,"minecraft:cobweb":2,"minecraft:netherite_axe":1,"minecraft:glass_bottle":1,"minecraft:iron_sword":1,"minecraft:dandelion":37,"minecraft:spyglass":4,"minecraft:leather_helmet":3,"minecraft:yellow_stained_glass_pane":6,"minecraft:painting":3,"minecraft:spruce_sign":2,"minecraft:black_wool":1},"minecraft:killed":{"minecraft:chicken":1,"minecraft:husk":3,"minecraft:villager":7,"minecraft:cow":3},"minecraft:custom":{"minecraft:inspect_dropper":1,"minecraft:mob_kills":14,"minecraft:interact_with_anvil":4,"minecraft:inspect_hopper":1,"minecraft:open_barrel":10,"minecraft:open_shulker_box":2,"minecraft:leave_game":13,"minecraft:time_since_death":9405,"minecraft:climb_one_cm":7018,"minecraft:sprint_one_cm":436612,"minecraft:walk_one_cm":2052787,"minecraft:drop":58,"minecraft:talked_to_villager":27,"minecraft:play_time":1053977,"minecraft:deaths":1,"minecraft:sneak_time":52166,"minecraft:interact_with_brewingstand":1,"minecraft:jump":2207,"minecraft:interact_with_blast_furnace":4,"minecraft:walk_on_water_one_cm":359,"minecraft:total_world_time":1053977,"minecraft:interact_with_furnace":5,"minecraft:play_record":1,"minecraft:tune_noteblock":35,"minecraft:interact_with_loom":1,"minecraft:pot_flower":2,"minecraft:time_since_rest":9431,"minecraft:damage_taken":750,"minecraft:trigger_trapped_chest":2,"minecraft:minecart_one_cm":236,"minecraft:damage_dealt":2274,"minecraft:fly_one_cm":5407006,"minecraft:open_chest":13,"minecraft:crouch_one_cm":106965,"minecraft:aviate_one_cm":16296,"minecraft:fall_one_cm":18529,"minecraft:inspect_dispenser":3},"minecraft:dropped":{"minecraft:wheat_seeds":16,"minecraft:birch_leaves":1,"minecraft:glass_bottle":1,"minecraft:smooth_quartz_stairs":1,"minecraft:red_nether_brick_slab":1,"minecraft:netherite_axe":1,"minecraft:barrier":1,"minecraft:grass_block":1,"minecraft:leather_helmet":2,"minecraft:orange_glazed_terracotta":1,"minecraft:red_carpet":1,"minecraft:orange_carpet":1,"minecraft:iron_trapdoor":1,"minecraft:golden_carrot":77,"minecraft:stone_button":2,"minecraft:husk_spawn_egg":1,"minecraft:light_gray_banner":1,"minecraft:iron_axe":1,"minecraft:string":1,"minecraft:black_stained_glass":1,"minecraft:redstone_block":1,"minecraft:green_wool":1,"minecraft:anvil":1,"minecraft:brick_wall":1,"minecraft:spyglass":1,"minecraft:white_carpet":1,"minecraft:rotten_flesh":3,"minecraft:cobbled_deepslate_slab":1,"minecraft:oak_sign":2,"minecraft:red_stained_glass_pane":1,"minecraft:light":1,"minecraft:heavy_weighted_pressure_plate":1,"minecraft:dead_tube_coral_fan":1,"minecraft:iron_bars":1,"minecraft:end_stone_bricks":1,"minecraft:glass":1,"minecraft:oak_leaves":1}},"DataVersion":3105}