{"stats":{"minecraft:mined":{"minecraft:tall_grass":2,"minecraft:grass":2},"minecraft:used":{"minecraft:oak_fence":2,"minecraft:petrified_oak_slab":12,"minecraft:iron_bars":59,"minecraft:red_sand":2,"minecraft:flint_and_steel":80,"minecraft:armor_stand":2,"minecraft:zombie_villager_spawn_egg":3,"minecraft:ladder":14,"minecraft:elytra":5,"minecraft:silverfish_spawn_egg":1,"minecraft:spruce_planks":52,"minecraft:stone":137,"minecraft:creeper_head":3,"minecraft:grass":4,"minecraft:player_head":2,"minecraft:netherrack":99,"minecraft:oak_door":4,"minecraft:dirt":13,"minecraft:brewing_stand":3,"minecraft:soul_sand":7,"minecraft:anvil":14,"minecraft:white_carpet":3,"minecraft:spruce_stairs":18,"minecraft:stone_stairs":7,"minecraft:yellow_carpet":1,"minecraft:spruce_fence":62,"minecraft:warped_pressure_plate":2,"minecraft:milk_bucket":1,"minecraft:obsidian":15,"minecraft:polished_diorite":126,"minecraft:glass":11,"minecraft:ravager_spawn_egg":5,"minecraft:lava_bucket":83,"minecraft:bricks":14,"minecraft:villager_spawn_egg":42,"minecraft:quartz_slab":1,"minecraft:grass_block":899,"minecraft:oak_stairs":3,"minecraft:rooted_dirt":15,"minecraft:slime_block":17,"minecraft:smooth_sandstone":3,"minecraft:polished_andesite_stairs":4,"minecraft:crimson_slab":9,"minecraft:chicken_spawn_egg":6,"minecraft:iron_helmet":1,"minecraft:mossy_cobblestone_slab":1,"minecraft:mud_bricks":11,"minecraft:crimson_planks":189,"minecraft:barrel":6,"minecraft:stone_brick_stairs":2,"minecraft:stone_bricks":22,"minecraft:item_frame":27,"minecraft:netherite_boots":2,"minecraft:light_gray_wool":1,"minecraft:redstone_lamp":1,"minecraft:bow":4,"minecraft:brown_carpet":7,"minecraft:scaffolding":1,"minecraft:iron_trapdoor":22,"minecraft:soul_soil":54,"minecraft:minecart":19,"minecraft:skeleton_skull":2,"minecraft:stone_pressure_plate":16,"minecraft:dragon_head":1,"minecraft:observer":38,"minecraft:brown_concrete_powder":201,"minecraft:stripped_spruce_wood":12,"minecraft:spider_spawn_egg":1,"minecraft:water_bucket":14,"minecraft:mossy_stone_bricks":5,"minecraft:end_stone_bricks":2,"minecraft:diamond_boots":1,"minecraft:pink_glazed_terracotta":1,"minecraft:lead":44,"minecraft:birch_leaves":105,"minecraft:gray_carpet":1,"minecraft:infested_stone":27,"minecraft:acacia_trapdoor":2,"minecraft:dark_oak_sign":19,"minecraft:netherite_chestplate":2,"minecraft:ender_pearl":32,"minecraft:redstone_block":25,"minecraft:composter":5,"minecraft:cobblestone_slab":3,"minecraft:red_glazed_terracotta":1,"minecraft:sheep_spawn_egg":21,"minecraft:glow_ink_sac":16,"minecraft:cracked_stone_bricks":15,"minecraft:oak_leaves":97,"minecraft:mossy_cobblestone":4,"minecraft:sand":78,"minecraft:rail":18,"minecraft:netherite_leggings":2,"minecraft:light_blue_concrete":8,"minecraft:tnt":306,"minecraft:loom":4,"minecraft:birch_sign":1,"minecraft:light_gray_terracotta":149,"minecraft:netherite_helmet":2,"minecraft:white_bed":1,"minecraft:light_gray_concrete_powder":29,"minecraft:stone_brick_wall":27,"minecraft:gray_concrete":5,"minecraft:lingering_potion":93,"minecraft:painting":4,"minecraft:mangrove_sign":3,"minecraft:infested_stone_bricks":221,"minecraft:cobbled_deepslate_stairs":2,"minecraft:smoker":5,"minecraft:spruce_log":31,"minecraft:lightning_rod":2,"minecraft:oak_log":19,"minecraft:sticky_piston":19,"minecraft:enderman_spawn_egg":6,"minecraft:piston":12,"minecraft:green_concrete":1,"minecraft:lever":11,"minecraft:light":104,"minecraft:firework_rocket":250,"minecraft:acacia_door":2,"minecraft:light_gray_concrete":101,"minecraft:heavy_weighted_pressure_plate":1,"minecraft:string":10,"minecraft:barrier":153,"minecraft:pig_spawn_egg":94,"minecraft:map":25,"minecraft:netherite_axe":117,"minecraft:lectern":2,"minecraft:stone_slab":12,"minecraft:red_terracotta":1,"minecraft:oak_pressure_plate":1,"minecraft:iron_door":2,"minecraft:spruce_sapling":22,"minecraft:gravel":910,"minecraft:fishing_rod":1,"minecraft:light_blue_concrete_powder":20,"minecraft:cobbled_deepslate_slab":361,"minecraft:white_banner":1,"minecraft:jungle_door":5,"minecraft:sandstone_slab":8,"minecraft:chain":42,"minecraft:glass_pane":8,"minecraft:smooth_stone_slab":35,"minecraft:white_concrete":15,"minecraft:husk_spawn_egg":4,"minecraft:coarse_dirt":167,"minecraft:diamond_leggings":1,"minecraft:gray_wool":6,"minecraft:smooth_stone":16,"minecraft:brown_mushroom_block":40,"minecraft:bone_meal":37,"minecraft:splash_potion":691},"minecraft:picked_up":{"minecraft:fishing_rod":1,"minecraft:birch_door":4,"minecraft:azure_bluet":4,"minecraft:creeper_head":1,"minecraft:rabbit_stew":1,"minecraft:lead":3,"minecraft:light":128,"minecraft:cornflower":4,"minecraft:string":72,"minecraft:acacia_door":2,"minecraft:item_frame":4,"minecraft:glass_pane":1,"minecraft:netherite_sword":1,"minecraft:poppy":3,"minecraft:smooth_quartz":1,"minecraft:dark_oak_door":1,"minecraft:oak_door":1,"minecraft:spruce_stairs":1,"minecraft:porkchop":8,"minecraft:warped_pressure_plate":1,"minecraft:redstone":9,"minecraft:stone_pressure_plate":7,"minecraft:rotten_flesh":1,"minecraft:saddle":2,"minecraft:netherite_chestplate":1,"minecraft:rail":1,"minecraft:skeleton_skull":1,"minecraft:white_wool":10,"minecraft:cobblestone":45,"minecraft:oxeye_daisy":2,"minecraft:mud_bricks":1,"minecraft:glow_ink_sac":1,"minecraft:filled_map":9,"minecraft:oak_log":1,"minecraft:gray_concrete":2,"minecraft:map":1,"minecraft:dirt":101,"minecraft:glass":1,"minecraft:wheat_seeds":25,"minecraft:silverfish_spawn_egg":1,"minecraft:scaffolding":180,"minecraft:dandelion":20,"minecraft:spruce_sapling":1,"minecraft:grass_block":4,"minecraft:lever":6,"minecraft:painting":1,"minecraft:bricks":2,"minecraft:ender_pearl":2},"minecraft:crafted":{"minecraft:rabbit_stew":1,"minecraft:bookshelf":16,"minecraft:lantern":12,"minecraft:emerald":19,"minecraft:bread":96,"minecraft:air":0},"minecraft:custom":{"minecraft:interact_with_anvil":16,"minecraft:mob_kills":34,"minecraft:leave_game":8,"minecraft:time_since_death":7612,"minecraft:climb_one_cm":19373,"minecraft:sprint_one_cm":374224,"minecraft:walk_one_cm":1462432,"minecraft:drop":23,"minecraft:talked_to_villager":56,"minecraft:play_time":614009,"minecraft:deaths":9,"minecraft:sneak_time":799,"minecraft:walk_under_water_one_cm":2017,"minecraft:jump":2764,"minecraft:walk_on_water_one_cm":4212,"minecraft:total_world_time":614009,"minecraft:traded_with_villager":64,"minecraft:interact_with_loom":1,"minecraft:time_since_rest":7717,"minecraft:damage_taken":5060,"minecraft:minecart_one_cm":1280,"minecraft:damage_dealt":5280,"minecraft:swim_one_cm":693,"minecraft:fly_one_cm":2618277,"minecraft:open_chest":9,"minecraft:crouch_one_cm":311,"minecraft:aviate_one_cm":980415,"minecraft:fall_one_cm":32209},"minecraft:killed":{"minecraft:husk":3,"minecraft:pig":6,"minecraft:ravager":2,"minecraft:villager":22},"minecraft:dropped":{"minecraft:wheat_seeds":3,"minecraft:tnt":1,"minecraft:ender_pearl":1,"minecraft:grass_block":4,"minecraft:oxeye_daisy":2,"minecraft:gray_concrete":1,"minecraft:acacia_door":2,"minecraft:anvil":1,"minecraft:cobbled_deepslate_slab":1,"minecraft:azure_bluet":4,"minecraft:light":1,"minecraft:birch_door":2,"minecraft:stone_pressure_plate":4,"minecraft:rabbit_stew":1,"minecraft:glass":1}},"DataVersion":3105}