{
  "bonus_chest": false,
  "dimensions": {
    "minecraft:the_end": {
      "type": "minecraft:the_end",
      "generator": {
        "biome_source": {
          "seed": 2063471961057924618,
          "type": "minecraft:the_end"
        },
        "seed": 2063471961057924618,
        "settings": "minecraft:end",
        "type": "minecraft:noise"
      }
    },
    "minecraft:the_nether": {
      "type": "minecraft:the_nether",
      "generator": {
        "biome_source": {
          "preset": "minecraft:nether",
          "type": "minecraft:multi_noise"
        },
        "seed": 2063471961057924618,
        "settings": "minecraft:nether",
        "type": "minecraft:noise"
      }
    },
    "minecraft:overworld": {
      "type": "minecraft:overworld",
      "generator": {
        "settings": {
          "lakes": true,
          "features": true,
          "biome": "minecraft:plains",
          "structure_overrides": [
            "minecraft:ruined_portals",
            "minecraft:pillager_outposts",
            "minecraft:strongholds",
            "minecraft:mineshafts",
            "minecraft:villages"
          ],
          "layers": [
            {
              "height": 1,
              "block": "minecraft:bedrock"
            },
            {
              "height": 59,
              "block": "minecraft:stone"
            },
            {
              "height": 3,
              "block": "minecraft:dirt"
            },
            {
              "height": 1,
              "block": "minecraft:grass_block"
            }
          ]
        },
        "type": "minecraft:flat"
      }
    }
  },
  "seed": 2063471961057924618,
  "generate_features": false
}